area,quartos,banheiros,idade,garagem,bairro_encoded,area_per_room,bathroom_ratio,age_squared,total_rooms,is_new
56.64388706057107,5,3,9.208177984579844,1,2,9.440647843428511,0.6,84.79054179570092,8,0
57.19101120438175,3,2,11.285059329816718,1,4,14.297752801095438,0.6666666666666666,127.35256407748336,5,0
129.7986628443489,5,4,3.44550053403859,1,0,21.633110474058153,0.8,11.871473930060208,9,1
171.13807450429195,2,2,9.599969453743116,0,0,57.04602483476398,1.0,92.1594135128009,4,0
96.92432521907403,3,3,3.6138012575063687,0,2,24.23108130476851,1.0,13.059559528754612,6,1
243.15523233820952,4,2,10.748802004719742,1,0,48.6310464676419,0.5,115.53674453666716,6,0
79.93519960420338,3,1,7.77135262904692,0,0,19.983799901050844,0.3333333333333333,60.393921684994474,4,0
93.52854140926448,3,3,2.6462460698817662,1,4,23.38213535231612,1.0,7.0026182623646935,6,1
165.75016172827716,3,2,5.433193322665865,1,4,41.43754043206929,0.6666666666666666,29.51958968146094,5,0
152.90179648412754,3,2,9.688316069352844,0,4,38.225449121031886,0.6666666666666666,93.86346825968054,5,0
119.46011101048263,3,2,1.5120030768442407,0,2,29.86502775262066,0.6666666666666666,2.286153304386451,5,1
63.73355612607111,3,3,5.577188828559611,1,3,15.933389031517777,1.0,31.105035229410124,6,0
122.32834873784,3,2,10.760059781094082,1,2,30.58208718446,0.6666666666666666,115.77888649271843,5,0
166.3244349400027,3,2,2.4616596311174432,0,1,41.581108735000676,0.6666666666666666,6.059768139473267,5,1
100.51498464941216,3,3,27.85726301983953,0,0,25.12874616235304,1.0,776.0271029565189,6,0
92.32367720475024,5,2,6.054727384638724,1,3,15.38727953412504,0.4,36.65972370229409,7,0
107.58932973626176,2,3,15.981630302172874,0,4,35.86310991208725,1.5,255.41250711533024,5,0
118.17655934578008,4,3,5.315041718826618,1,3,23.635311869156016,0.75,28.249668472867405,7,0
98.40961278762556,3,1,11.180768936885803,1,0,24.60240319690639,0.3333333333333333,125.00959402003049,4,0
112.3055614087551,2,2,5.296543060913828,0,3,37.4351871362517,1.0,28.053368396114426,4,0
202.42991699527948,1,2,4.154728142540341,1,4,101.21495849763974,2.0,17.261765938416712,3,1
40.49724341596429,4,2,15.051916114338844,1,3,8.099448683192858,0.5,226.56017871309336,6,0
144.63742427777055,3,3,20.455307122513908,1,1,36.15935606944264,1.0,418.41958947636823,6,0
148.33425789197412,4,1,24.22937314568569,1,4,29.666851578394823,0.25,587.0625230328748,5,0
87.66025588427249,2,3,4.59415424719779,0,4,29.220085294757496,1.5,21.10625324704549,5,1
171.10707287594036,3,2,33.0662348501243,1,1,42.77676821898509,0.6666666666666666,1093.375887163575,5,0
97.451017887841,2,2,6.657859080413012,1,0,32.483672629280335,1.0,44.327087534638004,4,0
124.37579178419573,5,3,0.0639947644582873,1,3,20.729298630699287,0.6,0.004095329878071673,8,1
139.67676686026022,3,2,4.899166119665637,0,1,34.919191715065054,0.6666666666666666,24.00182866807965,5,1
123.463591498916,2,3,35.45676737763038,1,4,41.15453049963867,1.5,1257.1823528713937,5,0
97.91107822876114,2,2,2.9367510366667697,1,4,32.63702607625371,1.0,8.624506651363347,4,1
145.9075415240277,3,1,4.707541963972017,1,2,36.47688538100692,0.3333333333333333,22.160951342557514,4,1
113.54857153335963,2,2,0.696244072573011,0,4,37.84952384445321,1.0,0.48475580859305223,4,1
86.41112631276896,1,2,1.9055058297267249,0,2,43.20556315638448,2.0,3.630952467122534,3,1
59.39235751205791,2,2,1.796118662183135,1,4,19.797452504019304,1.0,3.226042248642535,4,1
92.01097968029656,2,3,5.620445696539887,1,2,30.670326560098854,1.5,31.589409827753737,5,0
150.3587688197307,3,3,0.6936780364152464,1,1,37.589692204932675,1.0,0.4811892182049119,6,1
168.26035866033428,2,2,9.654093803239627,0,3,56.08678622011143,1.0,93.20152716174977,4,0
183.16851262029564,1,2,8.188448455577072,1,3,91.58425631014782,2.0,67.05068810964254,3,0
157.25120476464795,3,3,5.531258681164362,1,1,39.31280119116199,1.0,30.594822597956114,6,0
120.84015366531035,3,1,1.5431867038022862,0,3,30.21003841632759,0.3333333333333333,2.381425202792165,4,1
112.92211090023802,3,3,2.7483050666339475,0,2,28.230527725059506,1.0,7.553180739285827,6,1
102.17989914396912,4,2,3.4722462695569787,1,0,20.435979828793826,0.5,12.056494156452354,6,1
115.71878560181769,1,2,3.7669993602088274,1,0,57.85939280090884,2.0,14.190284179813714,3,1
63.38517031798343,3,1,17.453473539422617,0,0,15.846292579495858,0.3333333333333333,304.6237385913255,4,0
48.85119004382885,3,2,18.59261258341981,1,0,12.212797510957213,0.6666666666666666,345.6852426771407,5,0
165.42262560722395,3,2,6.2550632201339385,0,4,41.35565640180599,0.6666666666666666,39.125815887872356,5,0
89.46963373829932,2,3,4.320438789798166,0,1,29.823211246099774,1.5,18.66619133639264,5,1
68.19684911745536,4,1,7.906685951447728,1,3,13.639369823491071,0.25,62.515682734820864,5,0
142.79069120928816,4,2,1.7664530519334425,1,2,28.55813824185763,0.5,3.1203563846849733,6,1
104.617778230807,3,2,4.8550081427170975,0,2,26.15444455770175,0.6666666666666666,23.57110406584932,5,1
154.30638492808075,4,2,9.085971300409064,1,3,30.86127698561615,0.5,82.55487447185718,6,0
133.378271599481,4,2,4.780020579081002,1,4,26.6756543198962,0.5,22.84859673643788,6,1
73.96025690310789,4,2,14.54637655909979,1,2,14.792051380621578,0.5,211.59707099912788,6,0
156.61608470808295,5,3,0.316445414613038,1,4,26.10268078468049,0.6,0.10013770042961752,8,1
101.37080985718973,4,2,0.7118850626264505,1,4,20.274161971437945,0.5,0.5067803423906653,6,1
65.60575436080323,3,1,1.3415992141991449,1,1,16.401438590200808,0.3333333333333333,1.7998884515397628,4,1
144.42342981135292,4,3,2.565354440990672,1,4,28.884685962270584,0.75,6.581043407910564,7,1
113.67968405684044,3,3,11.648981180973006,1,3,28.41992101421011,1.0,135.69876255466326,6,0
206.12729830046223,2,2,2.7112464860387324,1,1,68.70909943348741,1.0,7.350857508057374,4,1
91.8729429949645,3,1,2.36125650647291,1,4,22.968235748741126,0.3333333333333333,5.575532289360651,4,1
63.92595748830877,4,2,0.1448586137203934,0,4,12.785191497661753,0.5,0.02098401796899415,6,1
86.91076225790708,4,2,2.2871953383094623,0,0,17.382152451581415,0.5,5.231262515584536,6,1
91.69322137524875,4,3,7.04225843728193,1,3,18.338644275049752,0.75,49.593403897468534,7,0
105.45551151144576,3,2,10.258391190380262,0,2,26.36387787786144,0.6666666666666666,105.23458981487137,5,0
116.71395286429726,1,2,4.745567208171341,1,2,58.35697643214863,2.0,22.520408127271136,3,1
163.32204972701106,2,4,2.189692570072109,0,2,54.44068324233702,2.0,4.7947535514289985,6,1
70.21381186754331,1,2,2.8924231239120246,1,4,35.10690593377166,2.0,8.366111527740996,3,1
99.2691912690541,3,3,12.00475023657181,1,4,24.817297817263526,1.0,144.11402824247094,6,0
93.89504082790435,3,2,28.218454035853945,1,3,23.47376020697609,0.6666666666666666,796.2811481736018,5,0
144.566668001737,1,2,7.581229475460697,1,1,72.2833340008685,2.0,57.475040359594075,3,0
195.28097985900132,2,2,11.11980720548938,1,4,65.09365995300044,1.0,123.65011228725353,4,0
101.00218755356175,3,3,1.589042041244329,0,1,25.25054688839044,1.0,2.5250546088419434,6,1
41.91648801909993,2,3,18.21582308609865,1,4,13.97216267303331,1.5,331.81621070404447,5,0
100.58545808683586,2,2,19.1424865486714,1,0,33.52848602894529,1.0,366.4347912660655,4,0
51.593264293734975,4,2,22.603875099891223,1,2,10.318652858746995,0.5,510.9351695314824,6,0
88.06811021846185,2,1,0.9978196610492108,0,1,29.356036739487283,0.5,0.995644075976362,3,1
120.73735732261572,4,2,11.15912609817942,1,1,24.147471464523143,0.5,124.52609527506907,6,0
205.75776357301305,2,2,3.262406327821876,0,2,68.58592119100435,1.0,10.643295047812217,4,1
97.17014825002096,2,2,0.000307193172158,0,2,32.390049416673655,1.0,9.436764502049465e-08,4,1
85.44036921280735,2,4,41.08476337871201,0,1,28.480123070935786,2.0,1687.9577818847556,6,0
121.13273504521844,2,1,4.034244487742304,0,4,40.377578348406146,0.5,16.275128586879163,3,1
123.09473230590471,1,4,1.2636750948930695,1,1,61.54736615295236,4.0,1.5968747454530081,5,1
110.76261879165288,4,3,1.0563340146874665,1,1,22.152523758330577,0.75,1.1158415505857406,7,1
79.89882541448765,2,2,5.072747738643459,1,3,26.632941804829215,1.0,25.732769619912325,4,0
72.08488429644606,4,2,2.114741952112136,1,4,14.416976859289212,0.5,4.472133524023047,6,1
80.06583837044836,3,2,10.043342770903523,0,0,20.01645959261209,0.6666666666666666,100.86873401386006,5,0
181.30955652010311,2,3,7.145358101105605,1,1,60.436518840034374,1.5,51.05614239303549,5,0
101.22102456260193,3,3,2.4860409500367,1,2,25.30525614065048,1.0,6.180399605259378,6,1
151.48338414969808,3,2,11.740385921414738,0,4,37.87084603742452,0.6666666666666666,137.8366615837534,5,0
88.12418978118093,3,3,0.3320427150562829,1,0,22.031047445295233,1.0,0.11025236462194789,6,1
38.43071288959598,5,2,0.96908036620388,1,0,6.405118814932663,0.4,0.9391167561618463,7,1
126.01207045847512,2,2,2.149712147065439,1,2,42.004023486158374,1.0,4.6212623152407,4,1
96.92385377350388,4,1,8.342075416502619,1,3,19.384770754700774,0.25,69.59022225461733,5,0
127.10804003733016,2,3,5.604753034927771,1,4,42.36934667911005,1.5,31.413256582532064,5,0
120.73673516758208,1,2,5.330243987856997,1,3,60.36836758379104,2.0,28.411500970085665,3,0
151.66650775851744,5,3,20.72043163737358,1,3,25.27775129308624,0.6,429.33628723907196,8,0
154.7842368042264,2,2,7.771736316917953,0,1,51.594745601408796,1.0,60.39988537970143,4,0
32.04776173519673,2,2,2.1064219054411346,1,4,10.682587245065577,1.0,4.4370132437222605,4,1
114.30482059914826,3,1,18.84593667908195,1,4,28.576205149787064,0.3333333333333333,355.16932931196646,4,0
71.55935200950174,2,1,2.500506939887871,1,2,23.853117336500578,0.5,6.2525349564274055,3,1
211.95592494477,1,2,1.5464583755069372,1,4,105.977962472385,2.0,2.3915335071755552,3,1
117.99047562203452,2,1,4.26972945278714,1,1,39.33015854067818,0.5,18.23058959999797,3,1
117.77809204413524,4,3,6.366917127720769,0,3,23.555618408827048,0.75,40.537633711264085,7,0
97.15284040868812,1,4,5.046988069287118,1,1,48.57642020434406,4.0,25.472088571526513,5,0
145.35676089272044,3,3,16.0094010731847,0,0,36.33919022318011,1.0,256.3009227220875,6,0
110.0992545779398,4,2,9.24197206136358,0,2,22.01985091558796,0.5,85.41404758302497,6,0
152.81928724789458,4,2,1.373396200851993,1,3,30.563857449578915,0.5,1.8862171245146881,6,1
123.2749655754529,1,3,27.80060267792967,1,3,61.63748278772645,3.0,772.8735092561104,4,0
134.28450286046984,3,3,2.0791313233193347,1,4,33.57112571511746,1.0,4.322787059607608,6,1
131.72289893194724,3,2,6.065371787904519,1,4,32.93072473298681,0.6666666666666666,36.78873492550807,5,0
111.2927518709112,1,1,17.47040160103516,1,1,55.6463759354556,1.0,305.2149321014519,2,0
100.49575103710026,4,1,9.48803168308293,1,1,20.099150207420053,0.25,90.0227452191855,5,0
111.8781845582803,3,4,5.238232362906698,0,0,27.969546139570074,1.3333333333333333,27.439078287803085,7,0
114.11770473991446,2,3,1.6493191773662983,1,2,38.03923491330482,1.5,2.720253748828243,5,1
121.07543355978125,2,1,9.04435614100272,1,2,40.35847785326042,0.5,81.8003780052936,3,0
177.8791153741493,2,2,22.107748568101183,1,4,59.29303845804977,1.0,488.7525467503799,4,0
152.54068869478678,2,4,12.289385376562178,0,2,50.84689623159559,2.0,151.0289929336603,6,0
133.5041064830081,2,2,5.407128227430151,1,4,44.50136882766936,1.0,29.23703566787193,4,0
114.7942778252926,3,1,0.9103825760420156,1,1,28.69856945632315,0.3333333333333333,0.8287964347608963,4,1
146.17462625416232,5,4,7.217430582178053,1,2,24.362437709027052,0.8,52.09130420855902,9,0
109.2237266222177,4,2,1.776815254560648,1,4,21.84474532444354,0.5,3.15707244883942,6,1
139.86856612044932,2,2,10.450279419847496,0,2,46.622855373483105,1.0,109.20833995288811,4,0
79.75930474001191,3,3,11.170755334398084,1,0,19.93982618500298,1.0,124.78577474098326,6,0
128.44069868810473,3,3,4.47967774073656,1,2,32.11017467202618,1.0,20.067512660850607,6,1
112.52513423354564,4,3,33.610940858995065,1,2,22.50502684670913,0.75,1129.695345426864,7,0
86.98011212829954,3,1,6.130864938250955,1,4,21.745028032074885,0.3333333333333333,37.587504891074886,4,0
121.89594685265656,3,2,16.52375366366252,1,2,30.47398671316414,0.6666666666666666,273.0344351374006,5,0
180.135932070686,3,3,2.342435989003616,0,3,45.0339830176715,1.0,5.487006362579348,6,1
37.302315998404936,2,4,14.018876376332717,1,0,12.434105332801645,2.0,196.52889485489953,6,0
109.41372667048176,2,2,18.211160373501084,1,0,36.471242223493924,1.0,331.64636214937616,4,0
57.973462757354696,1,1,8.287271860742521,0,1,28.986731378677348,1.0,68.67887489385481,2,0
166.71128246639228,4,2,12.544007765248352,1,4,33.342256493278455,0.5,157.35213081461097,6,0
166.7718236178269,3,3,12.060132058448962,0,0,41.692955904456724,1.0,145.44678526722842,6,0
121.1497929173927,3,1,5.852505549570333,1,4,30.287448229348175,0.3333333333333333,34.25182120775155,4,0
91.9178762449059,5,3,0.3975935168054595,0,2,15.31964604081765,0.6,0.15808060460573323,8,1
129.75202855084797,3,2,0.2115634333969269,1,4,32.43800713771199,0.6666666666666666,0.04475908635069593,5,1
117.08684349372508,1,1,25.42207581901001,1,3,58.54342174686254,1.0,646.2819389474936,2,0
183.4406726458141,3,2,13.5340693726407,1,1,45.86016816145352,0.6666666666666666,183.171033783451,5,0
175.2863596415011,2,2,14.002801505590126,1,3,58.42878654716703,1.0,196.0784500049571,4,0
134.45582422033655,3,1,3.9231959053585945,0,3,33.61395605508414,0.3333333333333333,15.391466111822442,4,1
145.18515367694448,3,3,10.349201372226418,1,2,36.29628841923612,1.0,107.10596904289316,6,0
88.66986830655051,3,4,14.135840281196996,1,3,22.167467076637628,1.3333333333333333,199.82198045551158,7,0
141.8838952468015,1,1,2.468086236695056,1,0,70.94194762340075,1.0,6.091449671763564,2,1
60.577585078521125,2,2,6.937044061968387,1,4,20.19252835950704,1.0,48.12258031769086,4,0
159.00478933671005,4,2,13.873579823197977,0,3,31.80095786734201,0.5,192.47621711064602,6,0
130.01971401383506,3,2,16.317554037065765,0,4,32.504928503458764,0.6666666666666666,266.26256975256126,5,0
133.29256047918366,2,3,0.1033774678407845,1,4,44.43085349306122,1.5,0.010686900857172433,5,1
157.5313522390399,3,4,0.1377688167761584,1,0,39.382838059759976,1.3333333333333333,0.018980246875902704,7,1
129.09839738416517,2,2,2.5990539120417444,1,4,43.03279912805505,1.0,6.755081237699495,4,1
141.1921671166113,4,3,27.143111047419588,0,3,28.23843342332226,0.75,736.7484773325513,7,0
84.41942281497907,5,2,6.072851152877793,0,3,14.069903802496512,0.4,36.87952112500914,7,0
108.33225000826891,2,4,13.933068609070432,1,2,36.110750002756305,2.0,194.13040086506385,6,0
118.4177938457338,2,2,6.511004066337759,1,4,39.472597948577935,1.0,42.393173951866835,4,0
74.28118808677507,3,2,2.3728283080935126,1,4,18.57029702169377,0.6666666666666666,5.630314179689922,5,1
131.16086103081358,4,2,8.808938680938832,0,0,26.232172206162716,0.5,77.59740068454037,6,0
106.56861202839488,2,3,5.398999119392918,1,3,35.522870676131625,1.5,29.1491914912055,5,0
153.08732996144096,3,4,15.10056877070906,1,4,38.27183249036024,1.3333333333333333,228.02717719891373,7,0
68.81692133057194,2,4,15.789965090618765,1,1,22.938973776857313,2.0,249.32299756295924,6,0
151.2729148710924,1,2,7.500931924870726,1,4,75.6364574355462,2.0,56.26397974154486,3,0
228.8067666635848,3,3,16.235922887795354,1,2,57.2016916658962,1.0,263.60519201843704,6,0
150.69738916611635,3,2,3.8737299089464745,1,1,37.67434729152909,0.6666666666666666,15.005783407466462,5,1
110.17027743656224,1,2,14.158590338737294,1,2,55.08513871828112,2.0,200.46568038018506,3,0
193.9582437978138,3,2,10.838774297986395,1,4,48.48956094945345,0.6666666666666666,117.47902828269048,5,0
152.87610017500896,2,3,9.046172971291464,1,4,50.95870005833632,1.5,81.83324542652423,5,0
181.90020805320245,3,3,31.61353569773724,1,0,45.47505201330061,1.0,999.4156393121069,6,0
118.67492108504813,3,2,1.946738745078903,1,0,29.66873027126203,0.6666666666666666,3.7897917415913827,5,1
106.61995056636206,2,3,16.556056297563988,1,3,35.539983522120686,1.5,274.1030001281082,5,0
133.857928379879,4,1,12.55617603584788,1,3,26.771585675975803,0.25,157.6575566432006,5,0
76.7577383836695,4,2,13.248277749529011,0,2,15.351547676733901,0.5,175.5168633286655,6,0
115.41054234132405,3,1,4.390008191711649,1,1,28.85263558533101,0.3333333333333333,19.272171923295385,4,1
76.89020888282775,2,2,1.0644789199031333,1,2,25.63006962760925,1.0,1.1331153709181412,4,1
111.16121601867108,4,1,13.277456709872087,1,1,22.232243203734217,0.25,176.2908566825273,5,0
179.19776555560105,3,1,6.235869732832385,1,1,44.79944138890026,0.3333333333333333,38.886071324855045,4,0
107.11753935177298,3,2,5.839229883345892,1,0,26.779384837943244,0.6666666666666666,34.09660563055968,5,0
128.3353123179021,5,2,20.550460368743373,1,1,21.389218719650348,0.4,422.32142136729203,7,0
160.2517123685776,4,2,6.145652746364185,1,3,32.050342473715524,0.5,37.76904767889365,6,0
154.2559517729389,3,3,0.5338954469916886,1,3,38.56398794323472,1.0,0.28504434831845493,6,1
115.37406870447036,1,1,9.092041659771152,1,1,57.68703435223518,1.0,82.66522154301416,2,0
74.98043810806493,2,2,3.933555204399868,1,4,24.993479369354976,1.0,15.472856546061285,4,1
218.52968449941145,4,2,0.4118750595694294,1,2,43.70593689988229,0.5,0.169641064695321,6,1
139.1591930298557,3,3,9.937676730375314,0,1,34.78979825746392,1.0,98.75741879744298,6,0
107.63150496595142,3,3,7.073670995586321,1,2,26.907876241487855,1.0,50.03682135379917,6,0
174.1548949666165,2,2,2.67128877244031,1,2,58.051631655538834,1.0,7.135783705765658,4,1
148.70169023183848,3,2,9.043938663703711,0,1,37.17542255795962,0.6666666666666666,81.79282655283487,5,0
99.35821087130503,3,1,0.8512085969485157,0,1,24.83955271782626,0.3333333333333333,0.7245560755190606,4,1
145.31727271022044,2,2,0.1298136428483538,1,0,48.439090903406814,1.0,0.01685158186955996,4,1
124.43690358839464,2,3,0.687750299764279,1,4,41.478967862798214,1.5,0.47300047482585567,5,1
64.79594167140434,3,4,6.961877190159892,1,2,16.198985417851084,1.3333333333333333,48.46773401086859,7,0
101.5089884517983,2,2,0.2824747045872233,0,1,33.836329483932765,1.0,0.07979195873163906,4,1
99.09107917923842,5,1,4.070681607939376,0,2,16.515179863206402,0.2,16.570448753215903,6,1
156.96108076827605,4,1,6.783282861896273,0,0,31.39221615365521,0.25,46.01292638449569,5,0
59.07252380864901,3,1,9.509802740777989,1,3,14.768130952162252,0.3333333333333333,90.43634816850854,4,0
62.07662634010703,3,3,6.312415992576712,1,4,15.519156585026758,1.0,39.846595663338235,6,0
92.92311998776164,5,2,3.7662521697529927,1,2,15.48718666462694,0.4,14.184655406169126,7,1
187.85825473160156,4,3,3.122130006984853,0,1,37.57165094632031,0.75,9.747695780515238,7,1
77.19660934695389,1,2,5.04077156308529,1,0,38.598304673476946,2.0,25.409377951209315,3,0
127.7635997159323,2,1,17.151735098465682,1,1,42.587866571977436,0.5,294.1820168879396,3,0
88.88733249636499,4,1,7.856982277819277,1,4,17.777466499272997,0.25,61.732170513966196,5,0
166.52655008619837,3,3,15.008045438400286,0,1,41.63163752154959,1.0,225.24142788108762,6,0
153.42768448260568,2,4,26.964410253979043,1,1,51.14256149420189,2.0,727.0794203448902,6,0
110.3869840736746,3,3,2.54013357069355,1,1,27.59674601841865,1.0,6.452278556964365,6,1
85.54863194686945,3,4,39.40845772237502,1,4,21.387157986717362,1.3333333333333333,1553.0265400562193,7,0
80.89779020805796,1,1,9.518409858574383,1,4,40.44889510402898,1.0,90.60012623580602,2,0
51.86470242579381,2,3,2.832367884570469,1,3,17.28823414193127,1.5,8.022307833546193,5,1
63.50785194658834,3,1,10.837757614712372,0,2,15.876962986647085,0.3333333333333333,117.45699011525599,4,0
117.72217505115732,3,2,3.008728737222328,0,3,29.43054376278933,0.6666666666666666,9.052448614187465,5,1
185.7987085400513,3,1,7.9119159553940435,0,3,46.44967713501283,0.3333333333333333,62.59841408521884,4,0
127.46436492625432,5,2,2.662347748861296,1,4,21.244060821042385,0.4,7.088095535866811,7,1
138.90389929652173,3,2,3.155932464334956,1,4,34.72597482413043,0.6666666666666666,9.959909719443306,5,1
154.89282546882714,4,3,12.895244721100855,1,3,30.97856509376543,0.75,166.28733641707947,7,0
99.92971825661854,2,3,5.662435996412856,0,2,33.30990608553952,1.5,32.06318141347205,5,0
75.74660103975887,2,2,17.250224411216056,1,1,25.24886701325296,1.0,297.57024223731435,4,0
99.44532330653226,3,2,0.0690172442149476,0,4,24.861330826633065,0.6666666666666666,0.004763379999025719,5,1
124.54069381004992,1,4,2.17119876648513,1,3,62.27034690502496,4.0,4.71410408358655,5,1
153.98408388084098,3,3,2.1867755856222413,1,3,38.496020970210246,1.0,4.781987461873496,6,1
89.07960864578135,4,2,5.765712967708981,1,3,17.81592172915627,0.5,33.243446026007504,6,0
136.06846888395765,3,2,24.14698549791932,1,3,34.01711722098941,0.6666666666666666,583.076908636726,5,0
51.89665583048638,3,2,4.470287918955937,0,0,12.974163957621595,0.6666666666666666,19.983474078363404,5,1
113.92859619857668,3,2,4.484829164564948,1,1,28.48214904964417,0.6666666666666666,20.113692635332328,5,1
43.46879021368808,4,2,6.240662164664813,1,1,8.693758042737617,0.5,38.94586425347891,6,0
86.1282512772638,2,2,8.751267261114473,0,3,28.709417092421265,1.0,76.584678675454,4,0
127.33368022953408,4,1,1.183253076111503,0,4,25.466736045906817,0.25,1.4000878421273344,5,1
130.38890006885927,3,2,2.345323756080351,1,4,32.59722501721482,0.6666666666666666,5.500543520834845,5,1
118.60046038012152,4,2,14.497171906671586,1,2,23.720092076024304,0.5,210.16799329158786,6,0
90.78533473131452,2,2,36.14766832999243,1,3,30.261778243771506,1.0,1306.6539256951376,4,0
95.48845238062457,3,2,7.224963399222758,1,4,23.87211309515614,0.6666666666666666,52.20009612010847,5,0
105.48645758241364,4,2,12.542800359175764,0,3,21.097291516482727,0.5,157.3218408501397,6,0
130.68201063477036,2,3,0.7191938444906126,1,1,43.56067021159012,1.5,0.5172397859531875,5,1
86.76199534355848,4,4,34.97387831123398,1,0,17.352399068711698,1.0,1223.1721641290028,8,0
101.62556401839024,3,2,31.728993515940022,1,4,25.40639100459756,0.6666666666666666,1006.729029534564,5,0
131.19874505279282,2,2,8.510701011270651,1,4,43.732915017597605,1.0,72.43203170324328,4,0
77.16430007755551,4,1,6.703991553276017,1,3,15.432860015511102,0.25,44.943502746396184,5,0
169.84340769990516,2,3,3.659071768722322,1,1,56.61446923330172,1.5,13.388806208660704,5,1
147.26002789490497,3,3,26.43099184755753,0,2,36.81500697372624,1.0,698.5973300456526,6,0
85.75664696364531,3,3,27.22718975962064,1,2,21.439161740911327,1.0,741.319862206391,6,0
142.82394674372637,2,2,6.488440167417791,0,2,47.60798224790879,1.0,42.09985580616062,4,0
121.1902455798298,4,2,6.261185135472468,1,3,24.23804911596596,0.5,39.20243930066139,6,0
89.85055342570041,1,2,12.212517138184886,1,2,44.925276712850206,2.0,149.14557485045955,3,0
100.63063708534996,3,1,1.4751266313471898,0,4,25.15765927133749,0.3333333333333333,2.175998578509708,4,1
122.93271868753617,3,2,2.518981289020826,1,1,30.73317967188404,0.6666666666666666,6.345266734437023,5,1
144.31586038866158,1,1,7.86019088162905,1,2,72.15793019433079,1.0,61.78260069564446,2,0
150.4165862457719,3,3,8.716440147501633,0,3,37.604146561442974,1.0,75.97632884497828,6,0
89.63469353785209,2,2,13.893777065919563,0,4,29.87823117928403,1.0,193.03704115747243,4,0
190.21363369772817,3,4,0.8222945004491383,1,4,47.55340842443204,1.3333333333333333,0.676168245468898,7,1
123.48188272952684,4,2,3.07388341009099,0,2,24.69637654590537,0.5,9.448759218832613,6,1
165.71291258060083,3,2,15.312658043580608,1,0,41.42822814515021,0.6666666666666666,234.4774963596339,5,0
109.6163459454558,3,4,1.874584107710882,1,4,27.40408648636395,1.3333333333333333,3.514065576882204,7,1
99.29554803855314,2,1,5.871732555080489,0,0,33.09851601285104,0.5,34.477243198392046,3,0
169.51265247893846,1,2,0.3056629797262721,1,4,84.75632623946923,2.0,0.09342985717514343,3,1
130.30201562891057,3,2,13.79056267629112,1,4,32.57550390722764,0.6666666666666666,190.17961892871372,5,0
150.07732130747098,4,4,8.35127170803246,1,4,30.015464261494195,1.0,69.7437391413834,8,0
81.40306157679582,2,3,27.408499836509822,0,3,27.13435385893194,1.5,751.225863287959,5,0
167.8018651569937,3,2,3.6783831643820255,0,3,41.950466289248425,0.6666666666666666,13.530502704009123,5,1
167.17188736255306,1,1,46.16114465417972,1,3,83.58594368127653,1.0,2130.851275784105,2,0
104.3156738747137,2,2,3.901243994323304,0,0,34.77189129157123,1.0,15.219704703243648,4,1
45.16832315896578,5,2,1.11908930035361,1,3,7.528053859827629,0.4,1.2523608621659323,7,1
158.74579962131557,2,2,8.149469038555038,0,1,52.91526654043852,1.0,66.41384561036718,4,0
101.15846777526708,3,2,2.72001200696944,1,2,25.28961694381677,0.6666666666666666,7.398465318057919,5,1
111.16143304681344,2,2,8.037796526293842,1,4,37.05381101560448,1.0,64.60617299810136,4,0
162.94526999439088,4,1,0.424680984464342,1,4,32.58905399887818,0.25,0.1803539385656027,5,1
62.07944398335024,2,1,6.276995561461796,0,3,20.69314799445008,0.5,39.40067327861108,3,0
179.84177245956732,2,1,6.616883834996436,0,3,59.94725748652244,0.5,43.78315168583714,3,0
192.49794231987715,4,2,1.0852394977398256,0,3,38.49958846397543,0.5,1.1777447674545891,6,1
217.83007918467305,2,2,0.4006125712272674,1,2,72.61002639489102,1.0,0.1604904322253224,4,1
131.84481108258305,2,2,21.90312223203741,1,1,43.94827036086102,1.0,479.7467635115715,4,0
129.67849086264135,2,1,4.613598139707214,1,1,43.22616362088045,0.5,21.28528779470987,3,1
144.91399729389994,3,4,11.347576366812572,0,4,36.228499323474985,1.3333333333333333,128.7674894006432,7,0
85.58346538864191,3,1,17.351349921511567,1,1,21.395866347160478,0.3333333333333333,301.06934409873946,4,0
60.8591203853029,2,3,21.993782101996537,1,1,20.286373461767635,1.5,483.72645115010323,5,0
107.95585217642844,1,2,10.617002105589254,0,0,53.97792608821422,2.0,112.72073371008665,3,0
107.14456633388026,4,1,4.326606584843427,1,4,21.428913266776053,0.25,18.719524540010504,5,1
133.64607899266576,4,2,1.860024372223012,1,4,26.729215798533154,0.5,3.45969066526361,6,1
187.48566540290255,3,3,16.14353476062518,1,0,46.87141635072564,1.0,260.61371456751345,6,0
134.74693235491603,3,3,0.2602538633000231,1,4,33.68673308872901,1.0,0.0677320733625871,6,1
83.11338703289499,2,2,17.893406902791593,0,4,27.70446234429833,1.0,320.17401058886986,4,0
85.66568879275147,4,2,15.119333303837031,1,1,17.133137758550294,0.5,228.5942395525156,6,0
87.90890923113524,3,2,8.596797985106654,0,1,21.97722730778381,0.6666666666666666,73.90493559673384,5,0
122.963791216791,3,2,34.444091497533776,0,4,30.74094780419775,0.6666666666666666,1186.3954390904785,5,0
111.06148858696596,4,2,1.6687078846063783,0,1,22.21229771739319,0.5,2.784586004147494,6,1
140.16186062071378,2,2,21.592373111684346,1,3,46.72062020690459,1.0,466.23057659418913,4,0
174.74526230129396,2,3,17.992179562535263,0,2,58.24842076709799,1.5,323.71852541051163,5,0
144.24039805382557,2,3,16.36975255097398,1,4,48.08013268460852,1.5,267.96879858011914,5,0
100.42242229927112,3,3,3.959223221762986,1,4,25.10560557481778,1.0,15.675448519747277,6,1
118.68986919136006,3,2,0.5194874311459001,0,3,29.672467297840015,0.6666666666666666,0.26986719111856633,5,1
139.29889660972742,3,3,5.139759138744405,1,4,34.824724152431855,1.0,26.41712400430663,6,0
101.99738114083026,5,2,9.453684487618943,0,4,16.99956352347171,0.4,89.37215039144705,7,0
148.8668825617294,2,3,4.695588809727146,0,0,49.622294187243135,1.5,22.048554270034792,5,1
177.75058416293038,2,2,34.84203374768197,1,0,59.25019472097679,1.0,1213.9673156746092,4,0
137.9083424006926,3,1,10.732434698001365,1,2,34.47708560017315,0.3333333333333333,115.18515454686364,4,0
148.43839872813965,2,2,16.999388921743535,1,0,49.479466242713215,1.0,288.9792237126968,4,0
67.1906717191743,3,2,0.6845571810228017,1,0,16.797667929793576,0.6666666666666666,0.4686185340898849,5,1
164.6918332635251,4,1,0.6404452437809837,1,4,32.93836665270502,0.25,0.4101701102816836,5,1
70.08867272140603,2,3,17.281156611444818,0,1,23.36289090713534,1.5,298.63837382928295,5,0
74.81172581369528,2,1,1.2629338260806695,1,2,24.937241937898424,0.5,1.5950018490587587,3,1
99.7222729851548,4,3,2.326144290830797,1,0,19.944454597030962,0.75,5.410947261764711,7,1
149.03066495594769,2,4,38.32970960153524,0,2,49.676888318649226,2.0,1469.166638138023,6,0
79.48675518662304,3,2,12.336270274066669,0,1,19.87168879665576,0.6666666666666666,152.18356427482092,5,0
180.92119425632103,3,2,16.28694869122148,1,0,45.23029856408026,0.6666666666666666,265.26469767048104,5,0
98.76524908318716,3,3,16.738368222200386,0,4,24.69131227079679,1.0,280.1729707419677,6,0
125.31878696587503,4,3,11.689609749009922,0,4,25.063757393175006,0.75,136.6469760841478,7,0
109.8972739442736,2,3,3.659513629547137,1,4,36.6324246480912,1.5,13.392040004841261,5,1
95.84059253136718,2,2,10.683050389153042,1,4,31.946864177122393,1.0,114.12756561718297,4,0
148.36015030354048,3,3,5.119999243779213,1,4,37.09003757588512,1.0,26.21439225629971,6,0
83.07067015556383,1,2,4.009025337516593,1,0,41.535335077781916,2.0,16.07228415685003,3,1
210.82771431217583,3,1,2.631594078000812,1,2,52.70692857804396,0.3333333333333333,6.925287391368943,4,1
120.20974798872732,5,3,27.061283654016364,0,1,20.034957998121218,0.6,732.3130730031332,8,0
147.18390995738704,2,2,1.5931883591295437,1,0,49.06130331912902,1.0,2.538249147665888,4,1
148.56001976368367,2,3,8.500518592211519,1,4,49.52000658789456,1.5,72.2588163365337,5,0
132.29198083506438,2,2,8.65869676098229,1,1,44.09732694502146,1.0,74.9730295986452,4,0
118.0915457543208,1,3,4.971568856606812,1,4,59.0457728771604,3.0,24.71649689598276,4,1
123.03218232774906,1,2,15.730809748645832,1,2,61.51609116387453,2.0,247.45837534809075,3,0
161.50159777031598,1,2,13.959321853156544,1,3,80.75079888515799,2.0,194.86266660001385,3,0
101.4632922875015,3,1,4.660646352937562,1,2,25.365823071875376,0.3333333333333333,21.721624427150196,4,1
170.6764459674649,4,3,8.691664415363629,0,1,34.13528919349298,0.75,75.54503030929838,7,0
63.01007255146173,1,2,14.819667289838774,1,2,31.505036275730866,2.0,219.62253858151732,3,0
103.95118112456656,3,3,6.957017298959527,1,0,25.98779528114164,1.0,48.400089698022114,6,0
140.2909612442919,4,2,8.639177276277925,1,4,28.058192248858383,0.5,74.63538401095687,6,0
128.116920834052,2,3,7.771798856802494,0,3,42.705640278017334,1.5,60.400857470596556,5,0
91.26223114990256,1,1,14.295177469038652,1,2,45.63111557495128,1.0,204.35209887131032,2,0
135.3626179575723,3,4,10.844538913974356,1,3,33.840654489393074,1.3333333333333333,117.6040242567041,7,0
103.5249213551013,4,2,1.2370382479666218,1,1,20.70498427102026,0.5,1.530263626932329,6,1
89.28809739583485,3,3,0.0111271303178286,1,4,22.322024348958713,1.0,0.00012381302910994039,6,1
142.83562042772667,3,3,36.26190861720677,1,2,35.70890510693167,1.0,1314.9260165626547,6,0
102.9247572021032,1,2,1.2827389897000618,1,1,51.4623786010516,2.0,1.6454193156967354,3,1
61.45940207471526,1,1,22.81990494660967,1,2,30.72970103735763,1.0,520.7480617723006,2,0
154.8449881372677,4,1,5.161862263788675,1,0,30.96899762745354,0.25,26.644822030325543,5,0
94.19520981579502,2,1,10.116301863237576,1,1,31.398403271931674,0.5,102.33956338814404,3,0
38.33060526302837,2,3,8.603396314188839,0,2,12.776868421009455,1.5,74.01842813899809,5,0
96.42540972223154,3,2,1.3467722353981306,1,1,24.106352430557884,0.6666666666666666,1.8137954540392778,5,1
143.35712741303854,1,2,11.46306874356436,0,0,71.67856370651927,2.0,131.4019450196822,3,0
116.43519841948846,3,1,8.624919714380527,1,2,29.108799604872114,0.3333333333333333,74.38924007950986,4,0
146.2621443453532,4,1,1.8315033882305845,0,4,29.252428869070638,0.25,3.354404661100111,5,1
108.0397059813653,3,2,10.846175084116824,1,3,27.009926495341325,0.6666666666666666,117.6395139553166,5,0
161.16622549302576,2,1,11.125210442012357,1,3,53.72207516434192,0.5,123.77030737906077,3,0
88.28508670950623,2,2,23.98823608157773,1,3,29.42836223650208,1.0,575.4354703055076,4,0
126.92723703404728,2,2,0.8835632986675681,0,4,42.30907901134909,1.0,0.7806841027523141,4,1
104.5874561255296,1,2,4.643671642007787,1,0,52.2937280627648,2.0,21.563686318787294,3,1
154.63020776680486,3,3,0.6460768856366412,0,2,38.657551941701215,1.0,0.4174153421539416,6,1
112.38645287665568,3,2,13.427241864990604,0,1,28.09661321916392,0.6666666666666666,180.29082410095634,5,0
176.11177243744396,3,1,2.6398921839175493,1,2,44.02794310936099,0.3333333333333333,6.969030742708968,4,1
153.62574195954898,2,2,16.80522311008811,1,4,51.20858065318299,1.0,282.41552377983953,4,0
93.49504964216614,3,1,17.18673486256617,1,1,23.373762410541534,0.3333333333333333,295.3838552361474,4,0
181.18201277842456,3,4,10.773577208048115,0,3,45.29550319460614,1.3333333333333333,116.06996585777382,7,0
99.59934404581011,3,2,7.577796119222651,0,2,24.89983601145253,0.6666666666666666,57.42299402450586,5,0
122.74251899224107,5,4,9.798005772521858,0,4,20.457086498706847,0.8,96.00091711837165,9,0
83.62450180821044,2,1,10.623054479496666,0,4,27.874833936070146,0.5,112.84928647435419,3,0
128.13854543468892,4,2,22.86578549795433,0,4,25.627709086937784,0.5,522.8441464384586,6,0
69.95545694458788,2,2,0.5265616897537502,1,2,23.31848564819596,1.0,0.27726721311632463,4,1
133.25053725614256,3,3,2.081568904442585,1,2,33.31263431403564,1.0,4.332929103942304,6,1
157.42713572589844,2,2,3.1675667542870176,0,4,52.47571190863281,1.0,10.033479142864392,4,1
182.62096116937363,1,1,8.749813819698304,1,0,91.31048058468681,1.0,76.55924187938342,2,0
207.59211732870688,4,3,9.373088225665995,1,1,41.51842346574138,0.75,87.85478288611851,7,0
127.9623878229388,3,2,18.33257182239636,0,1,31.9905969557347,0.6666666666666666,336.083189623321,5,0
162.2848890487566,3,2,1.7016777335054287,1,4,40.57122226218915,0.6666666666666666,2.895707108708173,5,1
132.90874241352358,1,3,0.3093734889873721,1,0,66.45437120676179,3.0,0.09571195568821965,4,1
142.43138105472937,3,3,21.72376774660524,0,1,35.60784526368234,1.0,471.92208510844614,6,0
142.90331125424635,1,1,3.5143981673243974,0,1,71.45165562712317,1.0,12.350994478493083,2,1
206.5301889322184,4,3,6.510288812117676,1,1,41.30603778644368,0.75,42.383860417184586,7,0
145.94839550358572,4,3,20.624618878984485,1,3,29.189679100717143,0.75,425.37490390336325,7,0
62.56551395282243,1,2,11.00250641618203,0,3,31.282756976411214,2.0,121.05514743812672,3,0
80.57095814657825,4,3,5.148441192801495,1,1,16.11419162931565,0.75,26.50644671573528,7,0
170.86220379976635,4,1,23.459445897471603,1,1,34.17244075995327,0.25,550.3456018163972,5,0
153.0166539595212,2,3,26.189929190405373,1,2,51.0055513198404,1.5,685.9123909984474,5,0
111.4621139315261,4,2,1.6781789011229846,1,4,22.29242278630522,0.5,2.816284424174348,6,1
92.9443079176292,4,2,5.358454514010092,1,4,18.58886158352584,0.5,28.713034778715134,6,0
91.42594327894528,3,4,11.232727809391315,1,4,22.85648581973632,1.3333333333333333,126.17417403987302,7,0
99.86097383535204,5,3,9.6633796091396,1,2,16.64349563922534,0.6,93.38090547033501,8,0
78.9393880235576,2,1,6.8941404448761645,1,4,26.313129341185867,0.5,47.52917247367732,3,0
104.59670878334734,2,2,2.2596525423179266,1,4,34.86556959444911,1.0,5.106029612003869,4,1
115.6495940617257,2,2,9.548474309407132,0,1,38.5498646872419,1.0,91.173361637408,4,0
97.64312610913646,1,1,22.821482888279533,0,4,48.82156305456823,1.0,520.8200812200355,2,0
140.8776626246759,4,2,39.69541312324312,1,0,28.175532524935182,0.5,1575.7258230249422,6,0
114.88329634076932,3,1,17.202634301559865,0,3,28.72082408519233,0.3333333333333333,295.93062691320404,4,0
124.81182526847596,3,3,29.405144851815088,1,1,31.20295631711899,1.0,864.6625437562274,6,0
122.2289964915478,4,2,46.38965239229588,0,4,24.44579929830956,0.5,2151.9998490780426,6,0
144.9647926820862,2,2,2.8724077349213206,1,0,48.3215975606954,1.0,8.250726195635831,4,1
178.62595075686215,3,2,6.6162790941002445,1,4,44.65648768921554,0.6666666666666666,43.77514905102795,5,0
84.21570791121985,2,2,10.90121859148712,0,4,28.071902637073283,1.0,118.83656677938444,4,0
145.6337144506804,3,2,23.86168302923454,0,4,36.4084286126701,0.6666666666666666,569.3799169876597,5,0
170.23024502294084,4,2,3.508803783889429,1,0,34.04604900458817,0.5,12.311703993836774,6,1
182.0460790209009,4,2,12.250131499674364,0,2,36.40921580418018,0.5,150.06572175931407,6,0
134.84583493485235,4,2,1.7580540745327076,0,1,26.96916698697047,0.5,3.0907541289810547,6,1
162.14567186431358,1,2,2.250558511023859,1,1,81.07283593215679,2.0,5.0650136115419295,3,1
127.87444943476494,3,2,13.8620555887121,0,1,31.968612358691235,0.6666666666666666,192.15658514454435,5,0
85.71369774334869,4,3,7.677308202762632,1,3,17.142739548669738,0.75,58.94106124020639,7,0
204.88624788050527,1,2,3.6013737592778923,1,4,102.44312394025263,2.0,12.969892954015378,3,1
87.32257316051056,3,2,2.0658138899841823,1,4,21.83064329012764,0.6666666666666666,4.267587028051579,5,1
149.85014264108884,1,3,33.098937849849776,1,3,74.92507132054442,3.0,1095.5396867882182,4,0
139.73271603523557,2,2,17.331503134101563,0,2,46.57757201174519,1.0,300.3810008873723,4,0
138.85662225545616,4,2,4.409827207478817,1,0,27.771324451091232,0.5,19.44657599982042,6,1
81.01273319090714,3,2,6.938663315181398,1,4,20.253183297726785,0.6666666666666666,48.14504860144411,5,0
92.28361618957383,5,3,1.929679822509712,0,2,15.380602698262306,0.6,3.723664217401114,8,1
89.04843203585708,4,1,24.65818778071359,0,0,17.809686407171416,0.25,608.0262246289329,5,0
133.53985629977657,3,2,1.8416764668961785,1,1,33.38496407494414,0.6666666666666666,3.391772208719191,5,1
90.97024747386138,3,4,3.417012141942121,1,0,22.742561868465344,1.3333333333333333,11.67597197817988,7,1
83.67903697915156,3,4,2.45475308630343,1,2,20.91975924478789,1.3333333333333333,6.025812714716214,7,1
77.5078514509558,3,2,19.9829111693322,0,3,19.37696286273895,0.6666666666666666,399.31673880142165,5,0
119.5101290861234,2,1,0.0065360431407036,1,2,39.836709695374466,0.5,4.2719859937138576e-05,3,1
79.02449434662842,4,2,6.154161715059916,1,3,15.804898869325683,0.5,37.87370641510921,6,0
98.12564235038433,3,3,5.440849382835793,1,4,24.53141058759608,1.0,29.602842006704634,6,0
116.41057222851092,4,2,1.2233282094473483,0,0,23.282114445702184,0.5,1.4965319080296553,6,1
84.64570255195468,2,3,21.2840496823145,1,2,28.215234183984894,1.5,453.0107708792319,5,0
151.64127788172186,1,2,3.750978791544164,1,4,75.82063894086093,2.0,14.069841894614116,3,1
152.92682335847658,3,1,9.748562025540377,1,4,38.231705839619146,0.3333333333333333,95.03446156580789,4,0
138.9295049829418,3,3,3.2436337969260847,1,2,34.73237624573545,1.0,10.52116020856113,6,1
111.91229390264424,3,2,2.0191764797961738,1,2,27.97807347566106,0.6666666666666666,4.077073656562068,5,1
127.862191060463,5,2,8.601022914022199,1,1,21.310365176743833,0.4,73.97759516753491,7,0
124.5691059464816,4,2,11.945628575330812,1,1,24.91382118929632,0.5,142.69804205976004,6,0
133.90326821446683,1,2,17.490717991613753,1,0,66.95163410723342,2.0,305.92521586216105,3,0
158.9021779850692,2,2,18.76580533875376,0,4,52.96739266168973,1.0,352.15545001199916,4,0
124.25720910767588,3,2,4.990537003688611,0,1,31.06430227691897,0.6666666666666666,24.905459585185298,5,1
121.92339786645528,4,2,3.977640616296516,1,3,24.384679573291056,0.5,15.821624872411729,6,1
119.85589843637726,2,2,1.7752605175713918,1,1,39.95196614545909,1.0,3.1515499052478457,4,1
101.5744491616085,4,1,10.00736287931406,1,0,20.3148898323217,0.25,100.147311798273,5,0
145.819367245643,3,2,1.1433910210774867,1,0,36.45484181141075,0.6666666666666666,1.3073430270806177,5,1
87.17270726593158,3,2,10.45940970982072,1,1,21.793176816482895,0.6666666666666666,109.39925147789197,5,0
58.97899316301044,3,2,14.116277237787305,1,2,14.74474829075261,0.6666666666666666,199.269283054072,5,0
178.14136308629267,3,3,12.027720908780012,1,3,44.53534077157317,1.0,144.66607025950387,6,0
132.56989330381094,4,3,0.0839885371211678,1,1,26.513978660762188,0.75,0.007054074367753782,7,1
141.7344076951974,4,1,17.347303478796615,1,2,28.34688153903948,0.25,300.92893798546913,5,0
49.47839378549064,3,2,12.601803008714285,1,2,12.36959844637266,0.6666666666666666,158.8054390704404,5,0
125.12417659643155,3,2,10.44787587099343,0,1,31.28104414910789,0.6666666666666666,109.15811021568672,5,0
118.02145161390268,1,3,13.048178060225275,1,2,59.01072580695134,3.0,170.25495069134422,4,0
47.80471597341924,2,2,4.502948048729824,0,2,15.93490532447308,1.0,20.276541129559728,4,1
105.5613533672368,3,1,1.0021922286375342,1,2,26.3903383418092,0.3333333333333333,1.0043892631414677,4,1
119.6810943473353,3,4,8.600459963188795,1,4,29.920273586833826,1.3333333333333333,73.9679115784134,7,0
100.27996261364667,3,2,14.373643485470058,0,2,25.06999065341167,0.6666666666666666,206.60162704739585,5,0
130.24118937255503,3,3,0.8471906250393826,1,3,32.56029734313876,1.0,0.7177319551546197,6,1
154.89829313120578,2,4,14.546901946764358,1,3,51.63276437706859,2.0,211.61235624877665,6,0
121.82287359615256,4,1,34.34592811184291,1,2,24.36457471923051,0.25,1179.642777863881,5,0
135.02792073382687,2,2,8.76381764591718,1,1,45.00930691127562,1.0,76.80449973088935,4,0
107.68887060187996,2,3,8.808360648239415,1,4,35.89629020062665,1.5,77.58721730945268,5,0
134.66392984387392,4,1,14.148918581217476,0,1,26.932785968774784,0.25,200.19189701792115,5,0
110.3505576857468,1,2,2.888548931247548,1,4,55.1752788428734,2.0,8.343714928211352,3,1
158.37083304340828,4,2,5.960908315243777,1,3,31.674166608681656,0.5,35.5324279427424,6,0
38.99429653369572,3,2,3.9490197205026822,0,3,9.74857413342393,0.6666666666666666,15.594756752919082,5,1
66.87255804406277,5,1,22.110047441814583,1,1,11.145426340677128,0.2,488.8541978792916,6,0
177.60468861797892,3,2,21.479225564125848,1,1,44.40117215449473,0.6666666666666666,461.35713083459734,5,0
98.96979913276957,3,2,4.977343182437553,1,4,24.74244978319239,0.6666666666666666,24.77394515575759,5,1
164.78299645738306,2,2,26.81723523973739,1,4,54.92766548579436,1.0,719.1641059034129,4,0
192.03761731643263,3,1,4.898380964941421,0,1,48.00940432910816,0.3333333333333333,23.99413607770045,4,1
95.07437894300942,3,3,1.091834971264241,1,2,23.768594735752355,1.0,1.192103604475586,6,1
36.72282368465112,2,2,1.616363423177122,1,4,12.24094122821704,1.0,2.612630715784864,4,1
88.86781098390749,2,2,17.392644465266,1,4,29.622603661302495,1.0,302.504081495148,4,0
134.31149441393134,3,2,19.877512246541208,1,2,33.577873603482836,0.6666666666666666,395.1154931113957,5,0
97.43685477053086,3,2,3.794657661233292,0,1,24.359213692632714,0.6666666666666666,14.399426765956518,5,1
191.8351069238209,3,2,8.341232460949946,0,1,47.95877673095522,0.6666666666666666,69.5761589676051,5,0
83.69745351833609,1,3,0.5420833674506548,1,2,41.848726759168045,3.0,0.2938543772666416,4,1
62.76899591527808,3,1,5.834562125363503,1,2,15.69224897881952,0.3333333333333333,34.04211519472627,4,0
66.22197955862892,3,2,11.382886346791263,1,2,16.55549488965723,0.6666666666666666,129.57010158396696,5,0
122.8626494887757,1,2,24.81957537083689,1,2,61.43132474438785,2.0,616.0113215886531,3,0
118.39368197422628,3,3,10.778991140767758,1,1,29.59842049355657,1.0,116.18665001274981,6,0
110.18447535988518,5,2,1.9766589364657368,1,4,18.36407922664753,0.4,3.9071805511098576,7,1
68.78282590014868,4,2,14.277871213455,1,1,13.756565180029735,0.5,203.85760638800696,6,0
72.34786011189405,1,2,28.42015744951548,1,3,36.173930055947025,2.0,807.7053494552501,3,0
148.51993720689552,4,2,16.38088474871523,0,0,29.703987441379105,0.5,268.3333851506912,6,0
116.157604011014,3,4,48.23667950531431,1,1,29.0394010027535,1.3333333333333333,2326.7772496984094,7,0
129.36858930146082,1,3,2.4576164734957566,1,3,64.68429465073041,3.0,6.039878730797719,4,1
118.61152921179028,2,2,0.2268117328254791,1,3,39.5371764039301,1.0,0.05144356214729651,4,1
93.93598609576732,3,4,5.793551856472514,0,4,23.48399652394183,1.3333333333333333,33.565243113636114,7,0
76.7574668960041,3,3,4.116657106188566,1,3,19.189366724001026,1.0,16.94686572993282,6,1
126.98311251327355,3,2,3.954740594095893,1,4,31.74577812831839,0.6666666666666666,15.639973166589938,5,1
72.669659493369,3,1,0.6380115113017133,1,4,18.16741487334225,0.3333333333333333,0.40705868855349625,4,1
162.33697947398352,3,2,4.660258416288361,0,0,40.58424486849588,0.6666666666666666,21.7180085065865,5,1
80.9650698809067,3,2,19.00957525602664,1,1,20.241267470226674,0.6666666666666666,361.3639514145403,5,0
80.8494513687077,2,2,5.594171394027411,0,4,26.94981712290257,1.0,31.294753585754584,4,0
101.90774723003692,3,3,1.642054265641818,0,0,25.47693680750923,1.0,2.69634221131249,6,1
143.47428375201082,2,1,14.454219963349102,0,4,47.82476125067027,0.5,208.9244747488797,3,0
161.23998089983803,4,2,2.4196027699255,1,3,32.24799617996761,0.5,5.854477564231153,6,1
138.95331683647152,3,2,4.6700432114634784,1,2,34.73832920911788,0.6666666666666666,21.809303596936118,5,1
58.63543317057511,3,1,3.3075109256868385,1,3,14.658858292643778,0.3333333333333333,10.939628523537808,4,1
193.86547984190665,4,2,11.259718787702626,1,1,38.77309596838133,0.5,126.7812671781435,6,0
107.38923021438616,4,1,4.083879505710341,0,0,21.477846042877232,0.25,16.678071817160937,5,1
37.06439070367402,2,2,0.4109078377546741,1,0,12.354796901224674,1.0,0.16884525112822157,4,1
135.29638984736204,4,1,8.132343327851878,1,1,27.059277969472408,0.25,66.13500800205695,5,0
165.97093305142704,1,2,3.4823560154579845,1,2,82.98546652571352,2.0,12.12680341839641,3,1
141.7024017434386,4,2,4.315840589003817,0,2,28.34048034868772,0.5,18.626479989692815,6,1
108.72861564557972,3,2,11.281267916175995,1,3,27.18215391139493,0.6666666666666666,127.26700579654188,5,0
41.613195044808975,5,2,2.1688219446083687,1,4,6.935532507468163,0.4,4.703788627414826,7,1
121.41054207886914,3,3,4.187139185772695,1,2,30.352635519717285,1.0,17.532134561033228,6,1
98.2630091546494,4,3,0.4018868853085416,1,1,19.65260183092988,0.75,0.16151306858300088,7,1
82.92278113687668,3,2,3.197100945712444,1,0,20.73069528421917,0.6666666666666666,10.221454457075405,5,1
163.9510740794876,4,2,3.3646283139068878,0,1,32.79021481589752,0.5,11.320723690743906,6,1
95.53928788032206,4,3,5.296525362049009,1,3,19.10785757606441,0.75,28.053180910828388,7,0
145.3112746442514,2,2,8.14276965207114,1,2,48.4370915480838,1.0,66.30469760669075,4,0
79.5158249895933,3,2,27.89202505589033,1,0,19.878956247398325,0.6666666666666666,777.965061718414,5,0
92.72063008008806,2,2,16.246118643793572,1,2,30.906876693362687,1.0,263.9363709882171,4,0
149.7305637609086,3,3,2.613566524312562,1,0,37.43264094022715,1.0,6.830729977007245,6,1
177.65093156264462,3,2,8.539912195648272,0,3,44.412732890661154,0.6666666666666666,72.93010030938208,5,0
138.85873428543982,3,3,4.243514858571407,1,3,34.714683571359956,1.0,18.007418354916307,6,1
124.69309533235128,2,1,8.460126592375628,1,4,41.56436511078376,0.5,71.57374195902126,3,0
158.86283803817423,2,1,3.025230249191164,1,0,52.95427934605808,0.5,9.15201806062123,3,1
194.63098044579027,4,2,11.317501750976328,1,4,38.926196089158054,0.5,128.08584588335225,6,0
137.18472876530342,2,2,1.4038193897663729,1,3,45.72824292176781,1.0,1.9707088790840315,4,1
109.24445237780678,2,2,1.779540448524371,1,3,36.414817459268924,1.0,3.1667642079343197,4,1
143.62619322769237,3,2,1.4295845855094444,1,0,35.90654830692309,0.6666666666666666,2.04371208712621,5,1
203.0160319458176,3,1,7.999829604202996,1,0,50.7540079864544,0.3333333333333333,63.99727369628267,4,0
68.93005696718762,2,2,0.4604060995765255,0,0,22.97668565572921,1.0,0.2119737765272695,4,1
84.97526986460971,1,2,0.3298140208855304,0,2,42.48763493230486,2.0,0.1087772883726811,3,1
129.29014788644014,3,2,0.5482372639196746,1,0,32.322536971610035,0.6666666666666666,0.30056409755013097,5,1
92.79901113686036,4,1,8.993309136890183,1,2,18.55980222737207,0.25,80.87960923167245,5,0
126.83461752511768,5,2,5.298453101530028,1,2,21.139102920852945,0.4,28.073605269113177,7,0
97.79201893227209,2,2,4.538507446871991,1,0,32.597339644090695,1.0,20.59804984531252,4,1
121.85746192624596,2,2,2.184616743075442,1,2,40.61915397541532,1.0,4.772550314125553,4,1
106.29249623678604,2,3,8.875872005714681,1,1,35.43083207892868,1.5,78.78110386182956,5,0
108.45365444319448,2,1,1.8718339236116808,1,4,36.15121814773149,0.5,3.5037622375834996,3,1
174.674970697781,2,2,1.2395802056890228,1,1,58.22499023259366,1.0,1.53655908633604,4,1
92.91353153951552,3,2,9.87059111922587,1,0,23.22838288487888,0.6666666666666666,97.4285690429406,5,0
128.56374976520817,2,2,0.3225852154060481,1,3,42.85458325506939,1.0,0.10406122119856646,4,1
123.98605460350564,5,2,18.147392606929003,1,2,20.664342433917607,0.4,329.3278584300214,7,0
94.50451490773928,3,3,13.054121294104904,1,3,23.62612872693482,1.0,170.4100827612031,6,0
128.95536097116525,3,2,5.027835439386897,1,0,32.23884024279131,0.6666666666666666,25.279129205554835,5,0
131.87938692932744,2,2,10.48420049886096,1,4,43.959795643109146,1.0,109.91846010031638,4,0
138.27012876615134,4,1,7.050814197840705,0,0,27.65402575323027,0.25,49.71398085247206,5,0
162.15208208139612,4,2,13.372226585696405,1,3,32.43041641627922,0.5,178.81644385920572,6,0
88.38102178218753,4,3,13.033175780816856,1,1,17.676204356437506,0.75,169.86367093367107,7,0
143.53268825938306,3,2,19.646473223044424,1,3,35.883172064845766,0.6666666666666666,385.9839101038016,5,0
97.59275839212124,1,2,8.044414165829487,0,3,48.79637919606062,2.0,64.71259927139812,3,0
140.57755336234996,2,3,21.61564097437392,1,4,46.85918445411665,1.5,467.23593473303276,5,0
97.34809081588912,2,2,0.3971637332766473,1,2,32.44936360529638,1.0,0.1577390310302438,4,1
59.40611101256542,2,4,8.985494937326825,1,1,19.802037004188474,2.0,80.739119268726,6,0
274.1092596261889,2,1,9.745305544575633,0,4,91.36975320872962,0.5,94.97098015713657,3,0
82.4048085469058,1,1,0.5721132054820683,1,1,41.2024042734529,1.0,0.32731351988696733,2,1
161.29861042204587,3,1,8.287569932812717,1,0,40.32465260551147,0.3333333333333333,68.68381539126139,4,0
145.8150379834059,2,3,4.206600215727315,1,0,48.6050126611353,1.5,17.695485374957094,5,1
117.02266283599816,4,2,11.473797006401975,1,4,23.40453256719963,0.5,131.64801774411893,6,0
190.8320254254204,3,2,2.917253567471572,1,2,47.7080063563551,0.6666666666666666,8.510368376925614,5,1
148.310077418219,2,1,1.346236419166437,1,2,49.43669247273967,0.5,1.812352496290071,3,1
105.62831636851762,2,2,3.786860414573636,1,1,35.209438789505874,1.0,14.340311799464812,4,1
83.22303063064788,3,2,8.69765940983819,1,3,20.80575765766197,0.6666666666666666,75.6492792095468,5,0
147.84825459253673,3,1,0.1673167773761652,1,4,36.96206364813418,0.3333333333333333,0.02799490399154523,4,1
75.01431632648523,2,2,3.249889739966056,0,0,25.00477210882841,1.0,10.56178332193664,4,1
153.35688618195616,3,2,9.817100940501913,1,4,38.33922154548904,0.6666666666666666,96.37547087600353,5,0
145.29630956222084,2,2,11.203638425948371,1,0,48.432103187406945,1.0,125.5215139793869,4,0
129.9753473484302,2,2,0.899598908963053,1,2,43.325115782810066,1.0,0.8092781970075152,4,1
122.57120076381852,2,2,3.127430483995824,1,3,40.85706692127284,1.0,9.780821432226352,4,1
75.73896365033319,3,3,2.6632879586794567,1,1,18.934740912583298,1.0,7.093102750846987,6,1
116.18817870452192,4,1,1.1147184905131151,1,2,23.237635740904384,0.25,1.242597313091838,5,1
82.02404444672229,3,2,27.24683349435251,0,2,20.50601111168057,0.6666666666666666,742.3899354689698,5,0
128.88535086534853,2,3,7.943943957336257,1,4,42.96178362178284,1.5,63.106245597299235,5,0
102.14265541797889,3,2,10.15487344158388,1,3,25.53566385449472,0.6666666666666666,103.12145461458566,5,0
53.80573312536923,3,2,1.9989500411636572,1,4,13.451433281342307,0.6666666666666666,3.995801267068187,5,1
159.37289593906334,3,2,9.000763550100638,1,0,39.843223984765835,0.6666666666666666,81.01374448482024,5,0
222.4033815307518,3,1,22.06487735485061,1,1,55.60084538268795,0.3333333333333333,486.8588126845992,4,0
101.2329739158118,3,2,7.438840774735606,1,4,25.30824347895295,0.6666666666666666,55.33635207186904,5,0
92.75793370100476,3,2,0.6341519511073911,1,0,23.18948342525119,0.6666666666666666,0.4021486970933109,5,1
150.05548493487157,5,3,8.618777254207311,1,0,25.009247489145263,0.6,74.28332135764131,8,0
138.48413897053084,2,3,7.722395349174068,1,0,46.161379656843614,1.5,59.63538992894527,5,0
162.61921500261406,2,3,4.169688806521999,1,3,54.20640500087135,1.5,17.386304743234856,5,1
117.49283610907312,1,2,10.892272479973313,0,3,58.74641805453656,2.0,118.64159977798398,3,0
96.30424303044524,2,3,17.07824080405353,1,4,32.10141434348174,1.5,291.66630896123894,5,0
73.25287849521871,1,1,4.469542425253329,1,0,36.626439247609355,1.0,19.97680949113941,2,1
57.73483305904385,2,2,8.486224532681884,1,3,19.244944353014617,1.0,72.01600681909187,4,0
154.09733339184896,2,3,1.388931448469217,1,0,51.36577779728299,1.5,1.9291305685467972,5,1
146.3417709069132,3,1,9.342899525391648,0,4,36.5854427267283,0.3333333333333333,87.28977154156347,4,0
139.24036926946854,3,2,33.73987252475143,0,2,34.810092317367136,0.6666666666666666,1138.3789979864766,5,0
71.11488764432218,2,2,17.859575708045604,1,3,23.704962548107392,1.0,318.96444447141266,4,0
35.04417102760772,2,1,16.166930485158282,1,3,11.681390342535906,0.5,261.3696413119402,3,0
137.01830247139858,3,2,4.126172377703469,1,4,34.254575617849646,0.6666666666666666,17.0252984905231,5,1
75.09111913750806,2,2,10.937918924881512,1,3,25.03037304583602,1.0,119.63807040728112,4,0
88.29917046269198,2,3,2.963368317562342,1,0,29.433056820897324,1.5,8.781551785532267,5,1
138.36720316913747,4,2,13.746751943563506,0,4,27.673440633827493,0.5,188.97318899786703,6,0
137.7705324594416,1,4,26.64968013182787,0,0,68.8852662297208,4.0,710.2054511287412,5,0
71.43245548849072,1,3,2.491080599484578,1,1,35.71622774424536,3.0,6.205482553128445,4,1
97.05351972479056,3,3,26.09977449209915,1,4,24.26337993119764,1.0,681.1982285384295,6,0
122.70073925640436,5,2,3.737912176857879,1,4,20.450123209400726,0.4,13.971987441902408,7,1
125.86854745733292,3,2,13.102566703241108,1,1,31.46713686433323,0.6666666666666666,171.67725421288253,5,0
66.07258311577148,1,1,3.52807011587779,1,2,33.03629155788574,1.0,12.447278742549923,2,1
120.5036960312718,3,2,0.3553552656471498,1,2,30.12592400781795,0.6666666666666666,0.1262773648231564,5,1
185.2964521572654,4,1,0.5866643774561698,1,4,37.05929043145308,0.25,0.34417509177603534,5,1
127.39344494779496,4,2,8.123602967116906,0,4,25.478688989558993,0.5,65.99292516735059,6,0
68.40156401035784,3,3,3.6703761863891735,1,4,17.10039100258946,1.0,13.471661349612733,6,1
59.87428187527576,1,1,5.415336391128354,1,4,29.93714093763788,1.0,29.32586822907906,2,0
111.675109985709,3,1,6.05117825751713,1,2,27.91877749642725,0.3333333333333333,36.616758304248044,4,0
126.0157514590483,5,3,1.340873148911332,0,2,21.002625243174716,0.6,1.797940801471391,8,1
193.25835063417412,4,2,0.1934132897289151,1,3,38.65167012683482,0.5,0.03740870064376126,6,1
128.658343583279,2,4,14.241728043015543,1,0,42.886114527759666,2.0,202.82681765121535,6,0
69.93842303238225,3,3,8.7837643242762,1,3,17.48460575809556,1.0,77.15451570442734,6,0
161.2737815787454,2,2,8.29928572729136,1,1,53.75792719291513,1.0,68.87814358322208,4,0
55.74214718969711,2,2,10.701137519038946,0,1,18.580715729899037,1.0,114.51434420138301,4,0
119.2594745603044,2,2,17.576656392285077,1,4,39.75315818676813,1.0,308.93884993245587,4,0
150.21564903303025,4,2,6.123582795438191,1,1,30.04312980660605,0.5,37.4982662525866,6,0
165.06260118191028,2,2,9.224331629545526,1,0,55.02086706063676,1.0,85.08829401183402,4,0
155.09449162302684,1,3,0.6035029631193422,1,3,77.54724581151342,3.0,0.36421582649382606,4,1
135.08847500258082,2,1,16.60333498038797,1,4,45.02949166752694,0.5,275.6707324709748,3,0
127.64396272079614,5,2,18.96848891656341,1,3,21.273993786799355,0.4,359.8035717777889,7,0
52.30141481140723,3,3,9.251518925039456,1,3,13.075353702851807,1.0,85.5906024203632,6,0
176.8201699195942,2,2,1.2581112477879055,1,2,58.940056639864736,1.0,1.5828439118104405,4,1
119.03499651559989,3,2,1.4555716962699086,1,3,29.75874912889997,0.6666666666666666,2.118688962982059,5,1
131.5667457563127,3,2,0.9917843930890068,1,0,32.89168643907818,0.6666666666666666,0.9836362823749295,5,1
79.67654756330384,3,2,2.9482267097022934,1,2,19.91913689082596,0.6666666666666666,8.692040731802011,5,1
133.70901385510817,3,2,4.144633722946607,1,4,33.42725346377704,0.6666666666666666,17.177988697386255,5,1
153.21343266176982,2,1,21.731525955061656,0,2,51.071144220589936,0.5,472.2592203355184,3,0
133.15004438638738,2,2,3.0053289067824744,1,0,44.383348128795795,1.0,9.032001837942342,4,1
136.19926843843822,3,2,1.6833026635169877,1,0,34.049817109609556,0.6666666666666666,2.833507857003385,5,1
116.1314755251843,4,1,5.25018503553894,1,0,23.22629510503686,0.25,27.56444290739702,5,0
136.51123707745992,3,3,1.6984756397095726,1,4,34.12780926936498,1.0,2.884819498686842,6,1
93.92655568791363,5,2,4.7963590893067325,1,1,15.654425947985606,0.4,23.00506051357531,7,1
128.3545438001902,2,2,1.8618622226351216,1,0,42.78484793339674,1.0,3.466530936075795,4,1
113.77291058431682,2,2,8.259675370352236,0,3,37.924303528105604,1.0,68.22223722360334,4,0
120.52007567511627,4,3,9.408330077192398,0,0,24.104015135023253,0.75,88.5166748414031,7,0
109.8009113031658,4,2,0.290709216796071,0,2,21.96018226063316,0.5,0.084511848730185,6,1
129.73357797290768,3,1,27.292214715342705,1,3,32.43339449322692,0.3333333333333333,744.8649840683689,4,0
86.70577707583085,3,3,12.452707658526185,1,0,21.676444268957713,1.0,155.0699280287167,6,0
218.21200559643577,2,2,17.809283369620303,1,1,72.73733519881192,1.0,317.1705741394343,4,0
116.03296544882468,2,2,4.0249784290157,1,1,38.67765514960823,1.0,16.200451354041693,4,1
127.47067057908312,3,1,6.305127444514089,0,2,31.86766764477078,0.3333333333333333,39.75463209156477,4,0
130.4422108871956,3,1,3.93473226542136,0,2,32.6105527217989,0.3333333333333333,15.482118000547906,4,1
153.17622324733958,4,3,5.029555333827071,1,4,30.635244649467914,0.75,25.29642685602834,7,0
93.86683069705153,2,2,4.195312944675591,0,1,31.28894356568384,1.0,17.600650703762575,4,1
225.29528259349564,3,2,11.682442513782402,1,1,56.32382064837391,0.6666666666666666,136.47946308783048,5,0
129.92882345201343,4,3,13.14853564472995,1,3,25.985764690402686,0.75,172.88398960073405,7,0
63.661548145457616,2,3,1.759825210683183,1,0,21.220516048485873,1.5,3.0969847721561097,5,1
96.9672703742128,2,4,3.56592189901546,1,3,32.322423458070936,2.0,12.715798989878026,6,1
168.04855688655778,4,3,16.856226803821805,1,2,33.609711377311555,0.75,284.13238206188066,7,0
128.95151806555594,4,1,7.590130174021007,0,1,25.79030361311119,0.25,57.610076058584156,5,0
146.05565005223193,4,3,0.6442553402568435,1,2,29.211130010446386,0.75,0.4150649434494612,7,1
96.02499908184907,2,2,11.022225178123868,1,2,32.00833302728302,1.0,121.48944787726774,4,0
100.8500551334609,3,2,1.919443306061396,1,1,25.212513783365225,0.6666666666666666,3.684262605183902,5,1
77.29518282469623,2,1,3.820655754648315,1,2,25.76506094156541,0.5,14.597410395527284,3,1
144.8268839020271,4,3,8.565115806121819,1,0,28.96537678040542,0.75,73.3612087722778,7,0
94.49040062994736,3,2,25.05895895916186,1,3,23.62260015748684,0.6666666666666666,627.9514241169585,5,0
101.12272536842266,1,2,2.605414369764079,1,1,50.56136268421133,2.0,6.788184038173153,3,1
110.63386501106656,1,3,5.6822918427952,0,3,55.31693250553328,3.0,32.28844058669687,4,0
66.58622565159595,3,1,3.228571165790651,0,2,16.64655641289899,0.3333333333333333,10.423671772574803,4,1
222.9343921299944,1,3,0.2399330464880865,1,0,111.4671960649972,3.0,0.05756786679705428,4,1
113.31527678732584,3,4,6.930651678526561,1,3,28.32881919683146,1.3333333333333333,48.03393268906304,7,0
173.8168018461991,3,2,16.369635047353423,1,2,43.454200461549775,0.6666666666666666,267.9649515835415,5,0
65.93261577534665,3,2,8.306448666735943,1,2,16.483153943836662,0.6666666666666666,68.99708945311932,5,0
102.69767248721516,4,3,27.884280359045825,1,1,20.539534497443032,0.75,777.5330911418688,7,0
186.61897777850305,3,2,1.698415663646016,0,3,46.65474444462576,0.6666666666666666,2.8846157665181367,5,1
133.04532088968472,3,2,13.962167762121442,1,2,33.26133022242118,0.6666666666666666,194.9421286176233,5,0
103.17418708938564,2,1,18.635004918520305,0,2,34.39139569646188,0.5,347.263408313276,3,0
155.58523182493747,4,1,0.9417536086475614,1,2,31.117046364987495,0.25,0.8868998594007043,5,1
46.36503074673419,2,2,37.84506717107504,1,3,15.455010248911398,1.0,1432.2491091831814,4,0
127.2746502023398,3,2,6.9801357661380825,0,4,31.81866255058495,0.6666666666666666,48.722295313720075,5,0
90.06053853773786,1,2,12.58957018424308,1,1,45.03026926886893,2.0,158.49727742398233,3,0
110.4420781253436,2,2,0.5166128521350489,0,3,36.8140260417812,1.0,0.26688883899110993,4,1
133.74473158273847,3,3,6.423043058166896,1,1,33.43618289568462,1.0,41.25548212706595,6,0
77.69156284176398,3,1,11.121762852941028,1,2,19.422890710440996,0.3333333333333333,123.69360895705897,4,0
130.86315348781494,4,2,18.93436153371088,1,3,26.172630697562987,0.5,358.51004668927027,6,0
140.55143803648835,2,4,0.3048601746202351,0,2,46.85047934549612,2.0,0.09293972606948026,6,1
70.7654273426418,1,2,4.930355950481085,0,3,35.3827136713209,2.0,24.30840979844425,3,1
95.9744524032478,5,3,15.230766420252808,1,0,15.995742067207965,0.6,231.97624574830053,8,0
221.07729703494488,2,2,8.739845177801426,1,2,73.69243234498163,1.0,76.38489373193883,4,0
127.45817259077712,2,1,3.557944369921287,1,3,42.48605753025904,0.5,12.658968139454583,3,1
64.68801076142655,1,2,10.750451054100306,1,3,32.34400538071328,2.0,115.57219786660639,3,0
163.23122902218486,1,3,2.657024996236536,0,1,81.61561451109243,3.0,7.059781830625766,4,1
195.04683356863544,4,2,2.704098660721168,0,4,39.00936671372709,0.5,7.312149566914015,6,1
155.98399501733002,2,2,8.386986813733884,1,0,51.994665005776675,1.0,70.34154781374605,4,0
147.44205839993757,2,2,2.0546704536450706,1,0,49.14735279997919,1.0,4.22167067308204,4,1
105.0071676980161,3,3,2.562855695393642,1,0,26.251791924504026,1.0,6.568229315411629,6,1
56.22289364822532,1,2,32.568976958469314,1,2,28.11144682411266,2.0,1060.738260121305,3,0
174.22551435219805,4,1,18.621770564349337,1,2,34.84510287043961,0.25,346.77033895126743,5,0
121.94086511779308,2,2,3.006603794543841,1,4,40.64695503926436,1.0,9.039666377365423,4,1
127.38535434129216,3,1,26.470424058655617,0,1,31.84633858532304,0.3333333333333333,700.6833498450541,4,0
72.15173503677318,3,1,10.773717798567642,0,2,18.037933759193294,0.3333333333333333,116.07299520317319,4,0
81.77838237598297,3,1,8.361063240224007,1,0,20.444595593995743,0.3333333333333333,69.90737850702519,4,0
114.2255835230423,4,2,20.28060633127217,1,3,22.84511670460846,0.5,411.3029931640369,6,0
138.94369722540728,4,3,8.841539606919447,1,3,27.788739445081454,0.75,78.1728226207253,7,0
44.41837076217877,2,1,30.914929897284225,0,1,14.806123587392923,0.5,955.732890553998,3,0
145.54369835109495,1,3,6.286582623108428,1,3,72.77184917554747,3.0,39.52112107716884,4,0
97.7809152335898,2,2,5.142100392583,1,2,32.5936384111966,1.0,26.44119644740224,4,0
127.8608467880588,2,2,4.380842084368992,1,1,42.62028226268627,1.0,19.191777368178457,4,1
174.24960114283292,2,2,3.1738011185437194,1,4,58.083200380944305,1.0,10.073013540069365,4,1
178.13537908470803,3,2,7.454310861900854,1,0,44.53384477117701,0.6666666666666666,55.56675042585306,5,0
97.50849883036108,4,3,10.69236468375308,1,3,19.501699766072214,0.75,114.32666253037011,7,0
166.34382316029615,2,2,11.944707782097186,1,1,55.447941053432054,1.0,142.6760439996931,4,0
126.85473124759882,3,2,14.217778026227808,1,2,31.713682811899705,0.6666666666666666,202.14521200308633,5,0
64.05729704723436,1,4,1.8937502646305824,0,1,32.02864852361718,4.0,3.586290064788401,5,1
158.016953527442,2,2,11.313208174510564,1,0,52.67231784248067,1.0,127.98867919981264,4,0
70.17044885152048,3,2,5.504940203134058,1,1,17.54261221288012,0.6666666666666666,30.30436664008165,5,0
90.91451296700528,2,2,9.019979306056843,1,4,30.304837655668425,1.0,81.3600266816937,4,0
55.491365152413934,4,3,2.3672676380501274,0,3,11.098273030482787,0.75,5.603956070159429,7,1
102.62015090270738,4,1,9.979762963455649,1,4,20.524030180541477,0.25,99.59566880676107,5,0
144.46705155363472,1,1,2.7641330813434566,1,3,72.23352577681736,1.0,7.640431691377272,2,1
129.28199749430544,4,1,23.907012823846586,1,1,25.856399498861087,0.25,571.5452621595651,5,0
124.88039258581446,3,1,0.4096664986292486,0,2,31.220098146453616,0.3333333333333333,0.16782664009914813,4,1
136.33011022857886,2,2,13.392235690718923,1,3,45.443370076192956,1.0,179.35197679576575,4,0
159.30763935782056,5,1,49.03818230567541,1,4,26.551273226303426,0.2,2404.743323844657,6,0
144.4148106173386,4,1,10.83725428774483,0,3,28.882962123467717,0.25,117.44608049724371,5,0
118.49461190300606,1,2,0.3528806854202966,0,1,59.24730595150303,2.0,0.12452477814269833,3,1
137.75277712584915,2,1,1.555769468113575,1,1,45.91759237528305,0.5,2.420418637914396,3,1
160.5748026007252,2,2,44.585616450187786,1,4,53.52493420024174,1.0,1987.8771942432556,4,0
108.99793211393424,3,2,9.06543281100516,1,4,27.24948302848356,0.6666666666666666,82.1820720508489,5,0
115.5068780123668,3,1,1.277096217498297,1,3,28.8767195030917,0.3333333333333333,1.6309747487484574,4,1
191.9074610739809,2,2,8.343664730746035,0,1,63.969153691326966,1.0,69.6167411390953,4,0
103.19252731616572,5,3,15.71136827786808,1,1,17.198754552694286,0.6,246.8470931627994,8,0
191.78231454071152,1,2,43.6900447855589,1,3,95.89115727035576,2.0,1908.8200133641421,3,0
95.9913249136482,4,2,45.51736625285727,1,3,19.19826498272964,0.5,2071.83063059675,6,0
140.6019074522419,2,2,22.76584709479032,1,4,46.86730248408063,1.0,518.2837939433729,4,0
195.8717193061579,3,2,9.14547542460641,0,4,48.967929826539475,0.6666666666666666,83.63972074207979,5,0
38.475018592885846,2,4,4.675393802152782,0,0,12.825006197628616,2.0,21.859307205208648,6,1
95.00725689217283,2,1,10.771139295910263,1,0,31.66908563072428,0.5,116.01744173190224,3,0
148.4645951235556,3,1,13.434915173846711,1,1,37.1161487808889,0.3333333333333333,180.4969457284566,4,0
164.13207528066084,1,2,4.9743330741297385,1,1,82.06603764033042,2.0,24.743989532381015,3,1
94.13708463029894,3,4,0.1086994804301471,1,2,23.534271157574736,1.3333333333333333,0.011815577045783933,7,1
118.61260450452876,2,3,3.173918143243312,1,4,39.53753483484292,1.5,10.073756380009073,5,1
142.3916179172416,1,3,11.788065028200192,0,2,71.1958089586208,3.0,138.9584771090764,4,0
117.02216336935332,3,2,16.433311177315947,1,1,29.25554084233833,0.6666666666666666,270.05371625049725,5,0
129.42458232434262,3,3,1.7056616928390107,0,3,32.356145581085656,1.0,2.9092818104184395,6,1
115.41840618989528,2,4,4.232479072665227,1,3,38.472802063298424,2.0,17.913879100549103,6,1
114.46942795315262,2,1,0.7699489809012496,0,3,38.15647598438421,0.5,0.5928214331908729,3,1
79.15068731477147,4,2,4.441356404862513,1,2,15.830137462954294,0.5,19.72564671501327,6,1
81.32095427483148,3,2,1.3561816562204485,1,1,20.33023856870787,0.6666666666666666,1.8392286846688388,5,1
133.0770949505665,2,2,10.734119736562512,1,1,44.35903165018883,1.0,115.22132651886085,4,0
179.11576178966064,2,2,0.925374690050798,0,1,59.70525392988688,1.0,0.8563183169866104,4,1
158.1600705397281,3,3,18.79856071328673,1,4,39.54001763493203,1.0,353.38588489112726,6,0
71.1662540011591,3,1,13.557775216283964,0,4,17.791563500289776,0.3333333333333333,183.8132688152837,4,0
117.19337154165412,3,3,2.468138568001089,0,4,29.29834288541353,1.0,6.0917079908544665,6,1
123.97329221716905,1,2,2.915001764766147,1,0,61.98664610858452,2.0,8.497235288589751,3,1
185.1446218228517,3,1,5.918811850860887,1,3,46.28615545571292,0.3333333333333333,35.032333725891284,4,0
128.55919642936888,3,1,17.775558462914233,1,4,32.13979910734222,0.3333333333333333,315.9704786684818,4,0
89.30609748447802,4,2,0.5088745395069878,1,4,17.861219496895604,0.5,0.2589532969584489,6,1
106.89351413608928,3,2,10.991546096145084,0,1,26.72337853402232,0.6666666666666666,120.81408558368224,5,0
63.70144902493779,3,2,6.279202956612405,0,4,15.925362256234447,0.6666666666666666,39.42838977032997,5,0
128.76601310655755,4,3,7.795211336363259,1,4,25.75320262131151,0.75,60.765319778566266,7,0
31.5545876396846,2,3,2.006226454377922,0,4,10.518195879894867,1.5,4.024944586245807,5,1
119.23935168389244,1,2,14.672827234727734,0,3,59.61967584194622,2.0,215.29185906016792,3,0
53.56156265936035,3,2,0.6181508730450815,1,2,13.390390664840087,0.6666666666666666,0.3821105018463965,5,1
190.61816961124387,5,1,19.99957182036742,1,3,31.769694935207312,0.2,399.9828729980347,6,0
51.00328669947869,1,2,12.82791477852921,0,4,25.501643349739346,2.0,164.55539756520812,3,0
203.69549102741843,3,2,1.9252116455201704,1,4,50.92387275685461,0.6666666666666666,3.7064398800464824,5,1
117.7766131635818,2,2,3.6884625978898313,0,3,39.25887105452727,1.0,13.604756336032203,4,1
51.4746188363649,2,1,14.92740140285175,1,3,17.1582062787883,0.5,222.8273126418604,3,0
146.48522698084187,3,2,6.721541589399757,0,1,36.62130674521047,0.6666666666666666,45.17912133803061,5,0
116.91593162343584,4,2,18.162596409227906,1,1,23.383186324687166,0.5,329.8799083244984,6,0
167.56066124430208,4,2,15.133139002905692,0,1,33.51213224886042,0.5,229.01189608126546,6,0
110.11290469917611,3,3,4.238544407727264,0,1,27.52822617479403,1.0,17.96525869627606,6,1
127.9233904307142,5,3,2.632824637783747,1,0,21.3205650717857,0.6,6.931765573321118,8,1
83.25392214063207,2,1,29.17376724309139,0,4,27.75130738021069,0.5,851.1086951540723,3,0
180.9249630907863,2,3,2.416842317161991,0,4,60.3083210302621,1.5,5.841126786024941,5,1
151.4320063460333,3,3,5.132648948519577,0,4,37.85800158650832,1.0,26.34408522873912,6,0
96.9291467772667,3,2,11.77692041957704,0,4,24.232286694316674,0.6666666666666666,138.69585456905065,5,0
126.65808832852224,4,2,4.196617940023343,1,2,25.33161766570445,0.5,17.61160213452577,6,1
69.56464182659819,4,1,0.8636086383903963,0,0,13.912928365319639,0.25,0.7458198803025142,5,1
150.83460775547866,4,2,17.56211741719636,0,1,30.166921551095733,0.5,308.4279681753918,6,0
164.3481432233163,4,2,10.007497048351262,1,1,32.86962864466326,0.5,100.14999717275921,6,0
111.23597884764544,3,2,0.7268697877993113,1,2,27.80899471191136,0.6666666666666666,0.5283396884154159,5,1
112.60391454228044,3,3,5.835881534227699,1,3,28.15097863557011,1.0,34.05751328153984,6,0
135.41269518915348,2,2,9.335563168130257,1,3,45.13756506305116,1.0,87.15273966615024,4,0
162.12611413331615,5,4,4.175153909322173,0,3,27.02101902221936,0.8,17.431910166528223,9,1
98.20323652764202,1,2,11.384885331551512,0,3,49.10161826382101,2.0,129.6156140125768,3,0
63.10985161609303,4,3,3.9570495255169256,0,2,12.621970323218607,0.75,15.658240947393725,7,1
143.72405031873535,4,1,0.8722039666546805,1,0,28.74481006374707,0.25,0.760739759448159,5,1
53.22378875514514,2,2,4.450515334189824,1,0,17.74126291838171,1.0,19.807086739858757,4,1
159.02180508489437,4,1,0.8009535088844639,1,2,31.804361016978874,0.25,0.641526523394335,5,1
89.74597018862787,1,1,5.100239195282881,0,3,44.87298509431393,1.0,26.012439849099767,2,0
187.0574924910113,2,3,11.264653850249829,0,4,62.35249749700376,1.5,126.8924263659483,5,0
200.408181550654,5,2,4.922105442611789,1,2,33.40136359177567,0.4,24.227121988188596,7,1
96.97448695048904,3,2,17.058410255599657,1,2,24.24362173762226,0.6666666666666666,290.98936044834755,5,0
150.98536213717347,2,4,9.781621077519032,1,3,50.32845404572449,2.0,95.6801109041646,6,0
122.70112818751696,1,2,16.321674954914048,1,0,61.35056409375848,2.0,266.3970733338685,3,0
143.80628101747655,3,2,18.65110153248133,1,4,35.95157025436914,0.6666666666666666,347.8635883749274,5,0
98.7799540955789,2,1,6.788884896425268,1,1,32.92665136519297,0.5,46.08895813691112,3,0
152.8824063997796,2,2,10.104374874923897,1,0,50.96080213325987,1.0,102.09839161299331,4,0
205.32133498625063,2,1,6.600622980074906,1,0,68.44044499541688,0.5,43.568223725092935,3,0
126.14900423782112,1,2,21.448535451518143,1,4,63.07450211891056,2.0,460.0396730150306,3,0
167.17760482885149,2,2,17.536464518784253,1,4,55.725868276283826,1.0,307.52758781857904,4,0
123.29135957101695,3,1,9.18573349211753,0,4,30.82283989275424,0.3333333333333333,84.37769978820971,4,0
110.04143406083706,5,3,5.848276927599994,1,0,18.34023901013951,0.6,34.20234302189843,8,0
196.3766656188052,1,2,1.0899489967668832,1,1,98.1883328094026,2.0,1.187988815553135,3,1
179.0142486779821,4,2,5.620929783514891,0,3,35.80284973559642,0.5,31.594851631204754,6,0
135.2079140402385,5,1,14.635267886230007,1,2,22.534652340039752,0.2,214.19106610171534,6,0
147.27811885179855,3,2,4.692810797548315,1,1,36.81952971294964,0.6666666666666666,22.022473181586054,5,1
63.69953221128715,1,2,36.42011645329983,1,3,31.849766105643575,2.0,1326.4248824719211,3,0
181.9973762007016,3,3,46.75502210787052,1,0,45.4993440501754,1.0,2186.0320923074614,6,0
75.57696618136686,2,3,3.2191358343668046,1,1,25.19232206045562,1.5,10.362835520104463,5,1
193.86829302944136,2,2,11.162894002554694,1,4,64.62276434314713,1.0,124.61020251227156,4,0
106.29141933892922,3,2,2.863612599209348,0,4,26.572854834732304,0.6666666666666666,8.200277118350519,5,1
96.02429418223912,3,1,4.776351117446678,1,4,24.00607354555978,0.3333333333333333,22.813529997134133,4,1
140.53069732453423,2,2,21.135012239367896,1,2,46.84356577484474,1.0,446.68874235823074,4,0
150.3003084018922,3,2,3.396006046120076,0,4,37.57507710047305,0.6666666666666666,11.532857065284112,5,1
136.51725817102496,4,3,0.9846934359420756,0,4,27.303451634204993,0.75,0.9696211627874105,7,1
45.30939229633008,4,2,4.871051787210218,1,3,9.061878459266016,0.5,23.727145513683862,6,1
143.06227852223066,4,3,4.215299899195753,0,4,28.61245570444613,0.75,17.76875324015973,7,1
80.37854699477246,1,3,14.367569459094216,1,1,40.18927349738623,3.0,206.42705216189688,4,0
99.5513729427526,1,3,5.111794794483153,1,1,49.7756864713763,3.0,26.130446020905058,4,0
110.96894798053856,3,2,0.053276423854732,0,1,27.74223699513464,0.6666666666666666,0.0028383773387490566,5,1
135.96544457408282,3,1,0.5835016952137922,1,4,33.991361143520706,0.3333333333333333,0.3404742283173693,4,1
118.56695843560192,2,2,2.118656182926957,0,3,39.52231947853397,1.0,4.488704021454622,4,1
43.24915138803834,4,2,19.520921151433253,1,1,8.649830277607668,0.5,381.0663626004742,6,0
122.79208339960076,2,2,22.02914533873781,1,3,40.93069446653359,1.0,485.28324435523376,4,0
90.76279840232324,2,2,1.0163948538341303,1,0,30.25426613410775,1.0,1.0330584989005032,4,1
67.82121997980587,4,2,23.47161783758407,1,1,13.564243995961174,0.5,550.9168439135947,6,0
136.16203427258154,2,1,0.9972966184805468,1,1,45.38734475752718,0.5,0.9946005452327334,3,1
