area,quartos,banheiros,idade,garagem,bairro,preco
139.86856612044932,2,2,10.450279419847497,0,Zona Norte,400126.1226581216
114.46942795315262,2,1,0.7699489809012496,0,Zona Oeste,416187.9434692789
145.9075415240277,3,1,4.707541963972017,1,Zona Norte,442924.3095075803
180.92119425632103,3,2,16.28694869122148,1,Centro,823804.522652346
110.63386501106656,1,3,5.6822918427952,0,Zona Oeste,402452.1183576843
183.16851262029564,1,2,8.188448455577072,1,Zona Oeste,692023.7553566591
150.69738916611635,3,2,3.8737299089464745,1,Zona Leste,428953.8307770872
101.22102456260191,3,3,2.4860409500367,1,Zona Norte,340890.3548130451
141.7024017434386,4,2,4.315840589003817,0,Zona Norte,408994.2706225141
101.4632922875015,3,1,4.660646352937562,1,Zona Norte,312315.5659980744
101.37080985718973,4,2,0.7118850626264505,1,Zona Sul,585124.1202654409
129.67849086264135,2,1,4.613598139707214,1,Zona Leste,387106.89210780355
43.46879021368808,4,2,6.240662164664813,1,Zona Leste,185649.05852565847
51.00328669947869,1,2,12.82791477852921,0,Zona Sul,270565.0084617001
97.50849883036109,4,3,10.69236468375308,1,Zona Oeste,392108.0248093608
79.48675518662304,3,2,12.336270274066667,0,Zona Leste,208939.86764429676
132.56989330381094,4,3,0.08398853712116788,1,Zona Leste,427842.14862837514
83.67903697915156,3,4,2.45475308630343,1,Zona Norte,328459.6043136879
63.50785194658834,3,1,10.837757614712372,0,Zona Norte,208273.11282883544
178.62595075686215,3,2,6.6162790941002445,1,Zona Sul,940189.2069367317
110.96894798053857,3,2,0.05327642385473203,0,Zona Leste,350998.8101369251
122.70112818751696,1,2,16.321674954914048,1,Centro,530895.3732191869
63.01007255146173,1,2,14.819667289838774,1,Zona Norte,212176.89138125317
98.2246910189927,2,3,7.950008811622348,1,Zona Sul,561438.0347426598
124.43690358839464,2,3,0.687750299764279,1,Zona Sul,734276.6334036093
73.96025690310789,4,2,14.54637655909979,1,Zona Norte,239113.82944682104
135.02792073382687,2,2,8.76381764591718,1,Zona Leste,390720.4159402269
95.9744524032478,5,3,15.230766420252808,1,Centro,521204.32305115653
108.33225000826893,2,4,13.933068609070432,1,Zona Norte,376792.74779784627
95.93173551082413,2,3,16.24562067851931,0,Centro,417867.01053024456
194.0911273803575,4,1,7.298279003508777,1,Zona Sul,1003983.3540891766
119.46011101048265,3,2,1.5120030768442407,0,Zona Norte,393909.7085484532
77.69156284176398,3,1,11.121762852941027,1,Zona Norte,334015.83712599275
152.90179648412754,3,2,9.688316069352844,0,Zona Sul,787186.3338625861
71.1662540011591,3,1,13.557775216283963,0,Zona Sul,365450.16822017985
128.3545438001902,2,2,1.8618622226351218,1,Centro,587187.1062908621
41.613195044808975,5,2,2.1688219446083687,1,Zona Sul,354937.86261705076
66.87255804406277,5,1,22.110047441814586,1,Zona Leste,194893.23789969872
127.87444943476494,3,2,13.862055588712101,0,Zona Leste,341207.2303384375
149.53866319981643,2,2,23.884533639455604,1,Zona Sul,764253.7655764254
126.85473124759882,3,2,14.217778026227808,1,Zona Norte,385227.13176337595
115.37406870447037,1,1,9.092041659771153,1,Zona Leste,330593.7845839238
107.95585217642845,1,2,10.617002105589254,0,Centro,462481.2171724917
60.8591203853029,2,3,21.993782101996537,1,Zona Leste,181782.19680370897
91.20623166421166,3,1,8.646635352040356,0,Zona Leste,253147.0549657188
101.5744491616085,4,1,10.007362879314059,1,Centro,538597.2161399855
162.2848890487566,3,2,1.7016777335054287,1,Zona Sul,877400.4403892639
133.74473158273847,3,3,6.423043058166896,1,Zona Leste,396024.5944500018
49.47839378549064,3,2,12.601803008714285,1,Zona Norte,198496.37417376216
132.9633587757918,2,2,3.1600294692998556,1,Centro,613481.2423245314
104.59670878334734,2,2,2.2596525423179266,1,Zona Sul,569560.43955274
92.92311998776165,5,2,3.7662521697529927,1,Zona Norte,313407.80689979845
144.46705155363472,1,1,2.7641330813434566,1,Zona Oeste,569544.2819482114
161.23998089983803,4,2,2.4196027699254996,1,Zona Oeste,648036.8739065356
157.25120476464795,3,3,5.531258681164362,1,Zona Leste,460940.82979267434
86.43129907109446,3,2,23.842129567688882,1,Zona Sul,487019.49647085345
107.63150496595142,3,3,7.073670995586321,1,Zona Norte,359536.4234975494
133.25053725614256,3,3,2.081568904442585,1,Zona Norte,444184.54895861115
159.02180508489437,4,1,0.8009535088844639,1,Zona Norte,482150.12032733264
100.8330304861884,4,3,11.912413448538466,0,Zona Sul,616421.7469761062
112.57364093344731,3,1,4.825601566098269,1,Zona Leste,305626.017018947
75.74660103975887,2,2,17.250224411216056,1,Zona Leste,207352.3372895049
72.15173503677318,3,1,10.773717798567642,0,Zona Norte,225808.1544928487
152.50103289576793,4,1,15.90819567208323,0,Zona Oeste,588515.9078137901
174.24960114283292,2,2,3.1738011185437194,1,Zona Sul,892152.6834501857
117.11959513678664,3,2,11.788215082024154,1,Zona Norte,361890.7973748929
160.14131591568096,3,2,3.0660938213368083,1,Zona Oeste,649180.4065334235
134.46544100190536,3,2,27.98004659351054,0,Zona Norte,410994.6613066947
94.19520981579502,2,1,10.116301863237577,1,Zona Leste,280744.1612116471
134.45582422033655,3,1,3.9231959053585945,0,Zona Oeste,514203.389254633
181.52146265863877,4,2,3.140422865163482,1,Zona Sul,1017523.1856777781
118.56695843560193,2,2,2.118656182926957,0,Zona Oeste,487642.33893698896
182.58574623256024,2,3,11.862670107574804,0,Zona Sul,880107.5460250931
152.87610017500896,2,3,9.046172971291464,1,Zona Sul,809536.5551257811
123.48188272952684,4,2,3.07388341009099,0,Zona Norte,412616.50462339557
108.0397059813653,3,2,10.846175084116823,1,Zona Oeste,409754.8205131105
123.67043106142009,2,2,16.870737152896346,1,Zona Norte,382818.78512046364
40.49724341596429,4,2,15.051916114338844,1,Zona Oeste,216327.32374017814
111.21312448649952,3,2,14.306698741265201,1,Zona Norte,384960.5835442762
134.28450286046984,3,3,2.0791313233193347,1,Zona Sul,772583.1758951913
179.11576178966064,2,2,0.925374690050798,0,Zona Leste,427647.8015228186
99.2691912690541,3,3,12.00475023657181,1,Zona Sul,578263.5380758003
87.66025588427249,2,3,4.59415424719779,0,Zona Sul,500017.15020431456
99.92971825661854,2,3,5.662435996412856,0,Zona Norte,314980.4676498296
156.61608470808295,5,3,0.31644541461303805,1,Zona Sul,913878.985964501
133.15004438638738,2,2,3.0053289067824744,1,Centro,619901.5548806352
98.80959184931845,3,2,0.3425651522757978,1,Zona Oeste,431528.03607430006
140.53069732453423,2,2,21.135012239367896,1,Zona Norte,422485.0721994454
123.88310197392161,4,2,2.789161829949456,1,Zona Norte,402142.5135999196
158.74579962131557,2,2,8.149469038555038,0,Zona Leste,392039.74091181287
91.9178762449059,5,3,0.39759351680545957,0,Zona Norte,356507.4819852273
106.89351413608927,3,2,10.991546096145083,0,Zona Leste,300140.36216007586
104.3156738747137,2,2,3.901243994323304,0,Centro,463989.2660266186
61.45940207471526,1,1,22.81990494660967,1,Zona Norte,181924.67030333544
131.84481108258305,2,2,21.90312223203741,1,Zona Leste,352801.2719029544
130.44221088719559,3,1,3.9347322654213595,0,Zona Norte,419090.94624631165
120.20453826569843,2,3,23.122405138111795,1,Zona Oeste,458035.44898752135
63.38517031798343,3,1,17.453473539422617,0,Centro,310885.68414968945
103.17418708938564,2,1,18.635004918520302,0,Zona Norte,293701.26743737864
106.29141933892922,3,2,2.863612599209348,0,Zona Sul,572143.885437023
87.90890923113524,3,2,8.596797985106654,0,Zona Leste,288255.5098946295
113.54857153335963,2,2,0.696244072573011,0,Zona Sul,584512.9946442486
136.16203427258154,2,1,0.9972966184805467,1,Zona Leste,383774.71842178574
126.98311251327355,3,2,3.954740594095893,1,Zona Sul,696098.506371568
130.30201562891057,3,2,13.79056267629112,1,Zona Sul,712863.7472198328
117.02216336935331,3,2,16.433311177315947,1,Zona Leste,308599.06846777035
43.24915138803834,4,2,19.520921151433253,1,Zona Leste,176198.1282724596
122.40920839764105,3,4,2.764078463965971,1,Zona Sul,712521.0692051846
218.52968449941145,4,2,0.4118750595694294,1,Zona Norte,704902.6385679633
112.3055614087551,2,2,5.2965430609138275,0,Zona Oeste,426470.92557885713
132.0618936933445,2,1,1.3935479557395638,0,Zona Sul,681749.6376535698
118.61152921179027,2,2,0.22681173282547915,1,Zona Oeste,453796.76318091917
73.25287849521871,1,1,4.469542425253329,1,Centro,347594.3123228906
165.71291258060083,3,2,15.312658043580608,1,Centro,745063.2393354875
150.07732130747098,4,4,8.35127170803246,1,Zona Sul,828935.9484464691
151.64127788172186,1,2,3.750978791544164,1,Zona Sul,785885.1823222591
83.62450180821044,2,1,10.623054479496666,0,Zona Sul,466869.1425347583
176.11177243744396,3,1,2.6398921839175493,1,Zona Norte,544785.7611258962
63.92595748830877,4,2,0.14485861372039344,0,Zona Sul,417549.94254228426
143.47428375201082,2,1,14.454219963349102,0,Zona Sul,685643.3164553316
207.61822503239915,3,1,9.77483083988966,1,Zona Sul,1025348.072987818
80.37854699477246,1,3,14.367569459094216,1,Zona Leste,200999.25166413822
97.34809081588912,2,2,0.3971637332766473,1,Zona Norte,315866.92818104435
123.98605460350565,5,2,18.147392606929003,1,Zona Norte,398590.5264641945
99.86097383535203,5,3,9.6633796091396,1,Zona Norte,412009.62926840724
57.973462757354696,1,1,8.287271860742521,0,Zona Leste,150204.29925059248
122.74251899224109,5,4,9.798005772521858,0,Zona Sul,703225.9402253588
77.5078514509558,3,2,19.982911169332198,0,Zona Oeste,323077.78399764484
138.94369722540728,4,3,8.841539606919447,1,Zona Oeste,552853.4852191148
83.22303063064788,3,2,8.69765940983819,1,Zona Oeste,348731.294970225
181.99737620070158,3,3,46.75502210787052,1,Centro,780369.6838274768
88.66986830655051,3,4,14.135840281196996,1,Zona Oeste,418636.5209307696
107.11753935177298,3,2,5.839229883345892,1,Centro,537201.1055269408
152.54068869478678,2,4,12.289385376562178,0,Zona Norte,468765.915487336
70.7654273426418,1,2,4.930355950481085,0,Zona Oeste,268164.8733899091
129.09839738416517,2,2,2.5990539120417444,1,Zona Sul,697548.924471216
172.28571017129713,3,2,9.084512334188311,1,Zona Leste,482251.15264634753
55.7006706175509,2,2,26.336215041162344,1,Centro,259896.0903593988
127.38535434129217,3,1,26.470424058655617,0,Zona Leste,329470.0956048398
130.39531176993694,5,2,4.18406403770263,1,Zona Norte,434827.9109665423
151.2729148710924,1,2,7.500931924870726,1,Zona Sul,761098.3698906263
70.52197156487672,3,3,2.377952381875633,0,Centro,359831.3921768161
140.8776626246759,4,2,39.69541312324312,1,Centro,633520.9595009857
131.87938692932744,2,2,10.484200498860961,1,Zona Sul,662146.1491084503
130.01971401383506,3,2,16.317554037065765,0,Zona Sul,655428.7777931206
133.857928379879,4,1,12.55617603584788,1,Zona Oeste,542806.5449269259
92.79901113686037,4,1,8.993309136890183,1,Zona Norte,361430.63076937234
129.29014788644014,3,2,0.5482372639196746,1,Centro,608729.8203152467
131.72289893194724,3,2,6.065371787904519,1,Zona Sul,687006.428031433
91.42594327894528,3,4,11.232727809391317,1,Zona Sul,575904.3932697864
194.63098044579027,4,2,11.317501750976328,1,Zona Sul,988751.1852615987
138.95331683647152,3,2,4.6700432114634784,1,Zona Norte,443247.8077380063
72.34786011189405,1,2,28.42015744951548,1,Zona Oeste,268333.3554645635
146.2621443453532,4,1,1.8315033882305845,0,Zona Sul,759039.7254057414
81.01273319090714,3,2,6.938663315181398,1,Zona Sul,502932.59352779674
151.48338414969808,3,2,11.740385921414738,0,Zona Sul,747891.9641457915
166.34382316029615,2,2,11.944707782097186,1,Zona Leste,444194.8243156978
87.17270726593158,3,2,10.459409709820719,1,Zona Leste,272561.5626113915
158.53504516977287,2,4,3.219812389614336,1,Zona Leste,456900.21764613927
136.51123707745992,3,3,1.6984756397095726,1,Zona Sul,763709.3968831637
152.8824063997796,2,2,10.104374874923895,1,Centro,689325.8131261909
195.8717193061579,3,2,9.14547542460641,0,Zona Sul,982081.3139336358
110.18447535988518,5,2,1.9766589364657372,1,Zona Sul,680717.833027804
89.85055342570041,1,2,12.212517138184886,1,Zona Norte,294676.93929520913
84.41942281497907,5,2,6.072851152877793,0,Zona Oeste,344759.49568633584
87.36758860138247,3,1,11.018994603112152,0,Zona Leste,245871.57094414183
116.91593162343584,4,2,18.162596409227902,1,Zona Leste,359658.3097288959
133.64607899266576,4,2,1.860024372223012,1,Zona Sul,770696.1428000703
131.06763197320078,3,2,0.19330504120641034,1,Zona Oeste,517463.53448155965
153.08732996144096,3,4,15.10056877070906,1,Zona Sul,818061.3461726478
120.52007567511627,4,3,9.408330077192398,0,Centro,563315.4525269314
178.14136308629267,3,3,12.027720908780012,1,Zona Oeste,695364.2831829349
109.41372667048176,2,2,18.211160373501084,1,Centro,521216.64662781166
228.80676666358477,3,3,16.235922887795354,1,Zona Norte,685016.7372468311
145.02669391060024,4,1,32.421482115081915,1,Zona Sul,764647.1456976192
85.71369774334869,4,3,7.677308202762632,1,Zona Oeste,403379.7597133037
77.16430007755551,4,1,6.703991553276017,1,Zona Oeste,349282.08400408085
139.29889660972742,3,3,5.139759138744405,1,Zona Sul,764907.7114392974
111.06148858696596,4,2,1.6687078846063783,0,Zona Leste,344144.8335930764
148.56001976368367,2,3,8.500518592211519,1,Zona Sul,789780.8673840007
138.9295049829418,3,3,3.2436337969260847,1,Zona Norte,507706.9015896621
117.08684349372508,1,1,25.422075819010015,1,Zona Oeste,396377.80726843525
86.1282512772638,2,2,8.751267261114473,0,Zona Oeste,339958.86926834413
59.40611101256542,2,4,8.985494937326825,1,Zona Leste,200802.2502840653
102.13940191731916,2,2,4.38388164165674,0,Zona Sul,510665.74642567826
154.2559517729389,3,3,0.5338954469916886,1,Zona Oeste,618240.013118308
128.56374976520817,2,2,0.3225852154060481,1,Zona Oeste,509152.5800763811
70.17044885152048,3,2,5.504940203134058,1,Zona Leste,294368.5961823437
126.92723703404728,2,2,0.8835632986675681,0,Zona Sul,641164.3053915474
135.41269518915348,2,2,9.335563168130257,1,Zona Oeste,496489.2000495696
84.64570255195468,2,3,21.2840496823145,1,Zona Norte,291347.96652608237
126.14900423782112,1,2,21.448535451518143,1,Zona Sul,584004.9151419904
122.32834873784,3,2,10.760059781094082,1,Zona Norte,399763.35213709803
74.28118808677507,3,2,2.3728283080935126,1,Zona Sul,466026.60957425076
134.31149441393134,3,2,19.877512246541208,1,Zona Norte,441643.28155463183
142.43138105472937,3,3,21.72376774660524,0,Zona Leste,403928.74532262335
163.32204972701106,2,4,2.1896925700721095,0,Zona Norte,491927.4185717107
162.15208208139612,4,2,13.372226585696405,1,Zona Oeste,632880.1413317425
64.89322528171635,3,3,3.376002410770677,1,Zona Norte,246850.88947872713
82.48699840339509,3,3,16.227273894179916,1,Centro,408042.5866146532
140.55143803648835,2,4,0.3048601746202351,0,Zona Norte,416742.79756942834
140.6019074522419,2,2,22.765847094790317,1,Zona Sul,702767.2748814658
274.1092596261889,2,1,9.745305544575631,0,Zona Sul,1258970.2308030014
142.83562042772667,3,3,36.26190861720677,1,Zona Norte,454014.12112518115
165.42262560722395,3,2,6.2550632201339385,0,Zona Sul,868547.8223876366
158.1600705397281,3,3,18.798560713286726,1,Zona Sul,807490.7167027798
146.05565005223193,4,3,0.6442553402568435,1,Zona Norte,460210.0556768437
107.38923021438617,4,1,4.083879505710341,0,Centro,502011.2167716813
150.3587688197307,3,3,0.6936780364152464,1,Zona Leste,440620.0586573766
89.08699141849712,5,2,37.02699856597469,0,Zona Leste,264560.3666867593
110.52725573039965,1,2,16.981265530907294,1,Zona Oeste,403134.14152163395
100.58545808683586,2,2,19.1424865486714,1,Centro,460885.26804887847
123.2749655754529,1,3,27.80060267792967,1,Zona Oeste,460576.931664084
212.58634266694034,3,1,0.8894431968732088,1,Zona Leste,594304.285696055
45.309392296330074,4,2,4.871051787210218,1,Zona Oeste,220561.86220559233
147.45040761498055,2,2,0.7368409635684103,0,Centro,631719.907665156
55.491365152413934,4,3,2.3672676380501274,0,Zona Oeste,283793.68647993216
101.12272536842266,1,2,2.605414369764079,1,Zona Leste,270250.68729618844
163.55802387869466,4,1,6.331951821699681,1,Zona Norte,556031.3004682919
122.57120076381851,2,2,3.1274304839958234,1,Zona Oeste,470836.591383631
76.89020888282775,2,2,1.0644789199031333,1,Zona Norte,273319.67921557644
91.38785162960127,3,3,1.833113533939617,1,Zona Norte,346217.8391562236
147.18390995738704,2,2,1.5931883591295435,1,Centro,657620.4081909033
90.78533473131453,2,2,36.14766832999243,1,Zona Oeste,305397.70849425794
128.658343583279,2,4,14.241728043015545,1,Centro,598180.2029805373
121.82287359615255,4,1,34.34592811184291,1,Zona Norte,404099.2345274941
93.93598609576732,3,4,5.793551856472514,0,Zona Sul,534783.7071105414
205.75776357301302,2,2,3.262406327821876,0,Zona Norte,580681.1099229158
145.35676089272044,3,3,16.0094010731847,0,Centro,662092.5902765241
38.99429653369572,3,2,3.9490197205026827,0,Zona Oeste,189221.75894818184
127.45817259077711,2,1,3.557944369921287,1,Zona Oeste,477995.0144696467
93.52854140926448,3,3,2.6462460698817662,1,Zona Sul,569898.1890301337
154.09733339184896,2,3,1.388931448469217,1,Centro,725088.9935375768
88.29917046269198,2,3,2.963368317562342,1,Centro,498648.6566263186
115.41054234132405,3,1,4.390008191711649,1,Zona Leste,354018.01721895684
140.1994911592183,2,3,11.208401313491105,0,Zona Norte,445647.8642755143
154.63020776680486,3,3,0.6460768856366412,0,Zona Norte,474300.767793543
71.98814371776895,3,2,2.363642352748415,0,Centro,341663.66332133644
106.61995056636206,2,3,16.556056297563988,1,Zona Oeste,428380.8019340569
101.00218755356175,3,3,1.5890420412443287,0,Zona Leste,303277.41480074474
93.86683069705153,2,2,4.195312944675591,0,Zona Leste,240353.88848989128
190.61816961124387,5,1,19.99957182036742,1,Zona Oeste,724534.5401166204
136.19926843843822,3,2,1.6833026635169877,1,Centro,653975.2054817196
69.56464182659819,4,1,0.8636086383903963,0,Centro,368387.27979418705
156.71447788219103,3,2,6.626916835373415,1,Centro,729657.2289222451
204.88624788050532,1,2,3.6013737592778923,1,Zona Sul,1012405.349426106
161.29861042204587,3,1,8.287569932812717,1,Centro,712150.5665479212
59.22520136183947,5,2,16.286456581731287,1,Zona Sul,411805.7087227038
100.63063708534995,3,1,1.4751266313471898,0,Zona Sul,509146.1489771764
170.6764459674649,4,3,8.691664415363629,0,Zona Leste,510365.6395733268
91.69322137524877,4,3,7.04225843728193,1,Zona Oeste,421610.15354969667
137.75277712584915,2,1,1.555769468113575,1,Zona Leste,376864.9884116501
150.98536213717347,2,4,9.781621077519032,1,Zona Oeste,573416.0702383524
82.92278113687668,3,2,3.197100945712444,1,Centro,494955.77325094846
117.618985757528,3,2,6.69107109694989,1,Zona Oeste,458315.9141487396
79.02449434662842,4,2,6.1541617150599155,1,Zona Oeste,377827.99018302915
109.89727394427359,2,3,3.659513629547137,1,Zona Sul,628552.721619796
70.08867272140603,2,3,17.281156611444818,0,Zona Leste,221546.5303465323
185.2964521572654,4,1,0.5866643774561698,1,Zona Sul,1011606.2082968953
62.794344881574695,2,1,5.423288036950722,0,Zona Sul,344562.7730208743
102.39822053212065,4,2,6.132855799895035,0,Zona Leste,283728.8286378402
125.22962309144366,3,2,12.910062771928368,1,Centro,583473.5459506877
177.65093156264462,3,2,8.539912195648272,0,Zona Oeste,654510.8181917919
62.56551395282243,1,2,11.00250641618203,0,Zona Oeste,274227.9598166303
166.52655008619837,3,3,15.008045438400286,0,Zona Leste,419701.17428767
120.40932244078348,3,3,19.819735001578348,1,Zona Leste,377178.11596112227
80.73965395808196,3,2,3.766961760656641,1,Zona Leste,266359.88748179976
138.48413897053084,2,3,7.722395349174068,1,Centro,657305.6387357337
127.96238782293881,3,2,18.33257182239636,0,Zona Leste,342403.77898441744
95.99132491364821,4,2,45.517366252857265,1,Zona Oeste,365353.6167343696
122.79208339960076,2,2,22.029145338737806,1,Zona Oeste,478499.2709340975
104.5874561255296,1,2,4.643671642007787,1,Centro,492942.9262970678
124.54069381004992,1,4,2.17119876648513,1,Zona Oeste,516037.11024482554
146.48522698084187,3,2,6.721541589399757,0,Zona Leste,397921.2187749281
183.4406726458141,3,2,13.534069372640701,1,Zona Leste,489433.9183854443
70.48738004692603,3,2,6.783946773351387,1,Zona Norte,234034.63413020718
205.32133498625066,2,1,6.600622980074906,1,Centro,893059.8619350683
41.91648801909993,2,3,18.215823086098652,1,Zona Sul,297278.2511056814
113.92859619857667,3,2,4.484829164564948,1,Zona Leste,322525.1148876529
143.53268825938306,3,2,19.646473223044424,1,Zona Oeste,540275.2772446828
131.2396747094013,5,2,5.222317620615014,1,Zona Norte,448311.8596178012
95.09201920717625,2,2,3.9784388208687815,1,Centro,433527.21580120956
111.67510998570899,3,1,6.05117825751713,1,Zona Norte,351723.08859754616
100.27996261364669,3,2,14.373643485470058,0,Zona Norte,293643.012783796
96.42540972223154,3,2,1.3467722353981306,1,Zona Leste,294093.98530727846
153.98408388084098,3,3,2.1867755856222413,1,Zona Oeste,600968.0736959995
134.2806194386019,3,3,30.250545124385475,1,Zona Sul,676346.8713697953
92.28361618957383,5,3,1.929679822509712,0,Zona Norte,382380.85648298025
155.98399501733002,2,2,8.386986813733884,1,Centro,719985.3123303176
132.29198083506438,2,2,8.65869676098229,1,Zona Leste,354993.408164969
152.5144847535584,3,1,6.7260847531453205,1,Zona Sul,801674.4821943671
145.18515367694448,3,3,10.349201372226418,1,Zona Norte,481034.9354891722
86.84019956311711,2,2,2.611397580185179,1,Zona Sul,523185.51875921874
97.59275839212123,1,2,8.044414165829487,0,Zona Oeste,335335.1465783861
149.89174420493046,1,2,4.6549103472808175,1,Zona Oeste,577364.4901739102
144.4148106173386,4,1,10.83725428774483,0,Zona Oeste,530689.7892365594
119.16393624143407,2,2,1.522466276210457,0,Zona Sul,582236.7655887654
124.69309533235128,2,1,8.460126592375628,1,Zona Sul,660411.4702933072
171.106595831537,2,3,2.04898945170699,1,Centro,800967.2059382237
96.33714444656681,2,2,3.2662120610514127,1,Zona Oeste,448577.9228771277
141.8838952468015,1,1,2.4680862366950556,1,Centro,591144.1740530181
111.91229390264424,3,2,2.0191764797961738,1,Zona Norte,395324.32840693864
111.29275187091119,1,1,17.47040160103516,1,Zona Leste,284930.2583334881
163.9510740794876,4,2,3.3646283139068873,0,Zona Leste,470458.0493501254
153.0166539595212,2,3,26.189929190405373,1,Zona Norte,436664.23839471734
152.54038544002555,3,1,35.04111736452182,1,Zona Norte,427066.6395460281
172.21915228617317,4,3,8.469057004785137,1,Centro,794627.4233465249
120.84015366531037,3,1,1.5431867038022862,0,Zona Oeste,459154.2826347035
147.27811885179855,3,2,4.692810797548315,1,Zona Leste,408891.6112755108
107.58932973626176,2,3,15.981630302172874,0,Zona Sul,563360.625238187
132.9666540995377,2,2,4.579023123486684,0,Zona Norte,420426.7376227721
114.79427782529261,3,1,0.9103825760420157,1,Zona Leste,350769.5115447758
123.87983859970873,5,2,8.137000983889578,1,Zona Leste,419177.7646454067
143.80628101747655,3,2,18.65110153248133,1,Zona Sul,762468.1448690293
87.2711726706611,3,3,15.892745028918899,1,Zona Norte,286990.7614779546
203.69549102741843,3,2,1.9252116455201702,1,Zona Sul,1076009.4224258694
79.75930474001191,3,3,11.170755334398084,1,Centro,414436.1818392091
71.43245548849072,1,3,2.491080599484578,1,Zona Leste,243653.3986865015
166.3244349400027,3,2,2.4616596311174432,0,Zona Leste,480684.0004822147
151.66650775851744,5,3,20.72043163737358,1,Zona Oeste,629840.7610166046
144.9647926820862,2,2,2.8724077349213206,1,Centro,629205.3851414454
145.1338203705712,3,4,3.055030557664905,1,Zona Leste,415512.9011130431
119.51012908612341,2,1,0.006536043140703691,1,Zona Norte,407626.3554314093
84.10982514056674,3,2,20.45380533288722,1,Zona Sul,479431.0514203632
123.03218232774906,1,2,15.730809748645832,1,Zona Norte,373620.6342099845
92.91353153951553,3,2,9.87059111922587,1,Centro,481707.49287238915
159.00478933671005,4,2,13.873579823197975,0,Zona Oeste,611381.3242472318
114.11770473991446,2,3,1.6493191773662983,1,Zona Norte,388709.4117858486
86.98011212829954,3,1,6.130864938250955,1,Zona Sul,498040.8397455622
107.14456633388026,4,1,4.326606584843427,1,Zona Sul,611907.2697105489
136.51725817102496,4,3,0.9846934359420757,0,Zona Sul,765008.5981215261
97.451017887841,2,2,6.6578590804130116,1,Centro,479975.14357939886
87.11118417734275,2,4,25.350172797059273,1,Zona Norte,292739.0417491163
129.7474884596765,2,3,0.40883578760998973,1,Zona Leste,400709.14993299847
129.7986628443489,5,4,3.44550053403859,1,Centro,681154.952096115
99.7222729851548,4,3,2.3261442908307974,1,Centro,518359.63357733574
101.15846777526708,3,2,2.7200120069694393,1,Zona Norte,336500.43820888177
129.28199749430544,4,1,23.907012823846582,1,Zona Leste,347576.36700106045
62.07662634010703,3,3,6.312415992576712,1,Zona Sul,414427.99420954287
63.70144902493779,3,2,6.279202956612405,0,Zona Sul,399412.2017440253
91.26223114990256,1,1,14.295177469038652,1,Zona Norte,262440.46076199197
111.4621139315261,4,2,1.6781789011229846,1,Zona Sul,660331.7595605451
132.4363026239202,2,4,6.679968270904792,1,Centro,618183.8345685643
179.0142486779821,4,2,5.620929783514891,0,Zona Oeste,667357.8170500457
154.30638492808077,4,2,9.085971300409065,1,Zona Oeste,584515.6775925118
119.23935168389245,1,2,14.672827234727734,0,Zona Oeste,411975.64300254534
79.89882541448765,2,2,5.072747738643459,1,Zona Oeste,351391.8602360154
119.2594745603044,2,2,17.576656392285077,1,Zona Sul,627268.2691980496
108.45365444319447,2,1,1.8718339236116806,1,Zona Sul,558765.8516099168
132.90874241352358,1,3,0.30937348898737216,1,Centro,630625.8747579292
86.91076225790708,4,2,2.2871953383094623,0,Centro,444184.6796704752
140.7738605696469,3,3,4.161392083323083,1,Zona Oeste,573944.0789317292
181.30955652010311,2,3,7.145358101105605,1,Zona Leste,497243.0020996603
115.6495940617257,2,2,9.548474309407133,0,Zona Leste,299565.09735617164
136.06846888395765,3,2,24.14698549791932,1,Zona Oeste,525820.3100643236
147.6057596684445,3,2,7.130519925597377,1,Zona Sul,798041.9073381759
103.95118112456655,3,3,6.957017298959527,1,Centro,491427.570070251
128.96369927241668,4,2,0.5154912692356863,1,Zona Leste,382325.2684914895
120.5036960312718,3,2,0.3553552656471498,1,Zona Norte,400941.22013727966
123.90704394195328,5,2,8.01088717336469,1,Zona Oeste,537204.6812316302
89.07960864578135,4,2,5.765712967708981,1,Zona Oeste,426986.6443851411
120.9804069703577,2,1,18.274720079048134,0,Zona Oeste,407698.33462329186
139.91993164981798,4,2,1.7516274400455951,1,Zona Leste,408447.29707116995
178.04574431180168,2,3,0.2528874391132039,1,Centro,794298.9669322484
158.37083304340828,4,2,5.960908315243777,1,Zona Oeste,615536.1980943884
206.12729830046226,2,2,2.7112464860387324,1,Zona Leste,545592.7888300333
89.30609748447802,4,2,0.5088745395069878,1,Zona Sul,574030.17127065
154.89282546882714,4,3,12.895244721100855,1,Zona Oeste,602384.8449466316
127.33368022953407,4,1,1.183253076111503,0,Zona Sul,684782.9693217941
207.59211732870688,4,3,9.373088225665997,1,Zona Leste,548684.566407997
87.66806858579395,2,2,3.29963117211249,1,Centro,423889.1870320061
86.41112631276896,1,2,1.9055058297267247,0,Zona Norte,256505.29979336238
96.02429418223912,3,1,4.776351117446678,1,Zona Sul,578441.9906021873
35.04417102760772,2,1,16.166930485158282,1,Zona Oeste,163866.0947623776
98.96979913276957,3,2,4.977343182437553,1,Zona Sul,528873.2118547882
89.63469353785209,2,2,13.893777065919563,0,Zona Sul,417537.67718423007
126.0157514590483,5,3,1.3408731489113321,0,Zona Norte,434216.33483234385
133.67023903108637,3,1,14.817988063188636,1,Zona Leste,385229.60033985454
195.04683356863546,4,2,2.704098660721168,0,Zona Sul,1001163.7202203228
158.016953527442,2,2,11.313208174510564,1,Centro,702410.3502461801
96.92385377350388,4,1,8.342075416502619,1,Zona Oeste,438417.6264445233
84.06341314606568,4,1,26.471157526284795,0,Zona Norte,255355.3493059784
139.67676686026022,3,2,4.899166119665637,0,Zona Leste,401203.1186894285
67.1906717191743,3,2,0.6845571810228017,1,Centro,345513.3976689218
193.25835063417415,4,2,0.19341328972891514,1,Zona Oeste,734940.8458153115
167.17760482885149,2,2,17.536464518784253,1,Zona Sul,802353.6970530191
101.23297391581181,3,2,7.438840774735606,1,Zona Sul,573893.2154456538
51.4746188363649,2,1,14.92740140285175,1,Zona Oeste,224020.8762715404
174.1548949666165,2,2,2.67128877244031,1,Zona Norte,537596.0863591987
115.41840618989528,2,4,4.232479072665227,1,Zona Oeste,481962.6805044654
169.51265247893846,1,2,0.3056629797262721,1,Zona Sul,833797.3750693991
56.222893648225316,1,2,32.568976958469314,1,Zona Norte,172684.91669932165
96.02499908184909,2,2,11.022225178123868,1,Zona Norte,286898.5614885661
120.20974798872733,5,3,27.061283654016364,0,Zona Leste,378118.94775237754
121.87922375058969,3,3,3.0856039220123193,1,Zona Sul,687755.5795366751
101.99738114083026,5,2,9.453684487618945,0,Zona Sul,577529.9660214338
144.91399729389994,3,4,11.347576366812573,0,Zona Sul,794370.4298412125
77.29518282469623,2,1,3.820655754648315,1,Zona Norte,238913.4727765117
114.30482059914826,3,1,18.84593667908195,1,Zona Sul,583591.0453969049
124.81182526847596,3,3,29.405144851815088,1,Zona Leste,334099.85826551897
140.57755336234996,2,3,21.61564097437392,1,Zona Sul,726318.1010350244
148.4645951235556,3,1,13.434915173846713,1,Zona Leste,418199.728750208
75.01431632648523,2,2,3.249889739966056,0,Centro,368124.48637369316
58.63543317057511,3,1,3.3075109256868385,1,Zona Oeste,329298.57379454176
171.10707287594036,3,2,33.0662348501243,1,Zona Leste,411215.3379381421
133.29256047918366,2,3,0.10337746784078451,1,Zona Sul,739336.1677370537
90.06053853773786,1,2,12.589570184243081,1,Zona Leste,242931.02489173177
182.04607902090092,4,2,12.250131499674364,0,Zona Norte,540770.9920289501
124.62698537171434,3,2,9.746869316163284,1,Zona Leste,350911.82687410625
167.17188736255306,1,1,46.161144654179715,1,Zona Oeste,537714.575760668
122.70073925640436,5,2,3.7379121768578787,1,Zona Sul,760236.9550806017
202.42991699527948,1,2,4.154728142540341,1,Zona Sul,1011548.4808052253
190.21363369772817,3,4,0.8222945004491383,1,Zona Sul,1020191.8294602507
110.04143406083706,5,3,5.848276927599994,1,Centro,617579.1478811246
158.86283803817423,2,1,3.0252302491911642,1,Centro,669881.6897189535
145.8150379834059,2,3,4.206600215727315,1,Centro,647095.965228219
174.74526230129396,2,3,17.992179562535263,0,Zona Norte,466059.8919633182
81.40306157679582,2,3,27.408499836509826,0,Zona Oeste,290492.4625807997
147.44205839993757,2,2,2.0546704536450706,1,Centro,673086.926704113
162.33697947398352,3,2,4.660258416288361,0,Centro,713613.0555660075
49.65042054307543,1,2,26.39885542104075,0,Zona Oeste,176294.48505020168
72.669659493369,3,1,0.6380115113017133,1,Zona Sul,417835.3138318862
38.43071288959598,5,2,0.96908036620388,1,Centro,320683.0706456398
109.2237266222177,4,2,1.7768152545606481,1,Zona Sul,651134.0972829186
148.70169023183848,3,2,9.043938663703713,0,Zona Leste,416309.9912547693
180.0942820838411,2,3,1.6307469685607883,0,Zona Leste,441066.4358745691
122.96379121679101,3,2,34.444091497533776,0,Zona Sul,605400.7404052146
185.14462182285166,3,1,5.9188118508608865,1,Zona Oeste,668711.2541811131
64.79594167140434,3,4,6.961877190159892,1,Zona Norte,259736.88799062057
51.86470242579381,2,3,2.832367884570469,1,Zona Oeste,272225.21130481974
117.77809204413525,4,3,6.366917127720769,0,Zona Oeste,482485.9670302718
135.3626179575723,3,4,10.844538913974356,1,Zona Oeste,538736.8468590304
118.69221007623628,2,2,13.910140290675084,1,Zona Sul,625875.198030739
37.302315998404936,2,4,14.018876376332717,1,Centro,220123.78679967386
116.43519841948846,3,1,8.624919714380527,1,Zona Norte,401617.9559076423
67.82121997980587,4,2,23.47161783758407,1,Zona Leste,223887.95329154184
146.78690195320155,3,2,17.005002871341645,0,Zona Norte,461891.13157454325
134.66392984387392,4,1,14.148918581217476,0,Zona Leste,357343.6630184026
82.4048085469058,1,1,0.5721132054820683,1,Zona Leste,226842.3301800566
99.44532330653226,3,2,0.06901724421494768,0,Zona Sul,529616.6932803158
77.63145912444193,3,3,2.388249609303227,0,Zona Oeste,353580.2191742863
117.49283610907312,1,2,10.892272479973313,0,Zona Oeste,400056.2362854011
158.20569282004953,2,1,5.296644467711059,0,Zona Leste,420348.2558422536
80.57095814657825,4,3,5.148441192801495,1,Zona Leste,273602.4986441608
140.16186062071378,2,2,21.592373111684346,1,Zona Oeste,481763.2636276703
98.78969526510237,3,2,22.591698060308953,1,Zona Sul,534259.8002467679
88.28508670950623,2,2,23.988236081577732,1,Zona Oeste,323871.5621643781
115.71878560181769,1,2,3.7669993602088274,1,Centro,525084.2191524644
78.59030710322503,2,2,11.74594642150482,1,Zona Oeste,305119.31766349747
97.85402778611271,5,3,3.1695048581039282,1,Zona Leste,354833.56481447973
72.08488429644606,4,2,2.114741952112136,1,Zona Sul,476888.34919877857
198.58900531665557,5,2,2.0411629481893114,0,Zona Oeste,754046.5184067804
121.41054207886914,3,3,4.187139185772695,1,Zona Norte,427157.8811015029
92.01097968029657,2,3,5.620445696539887,1,Zona Norte,339149.38269143214
128.55919642936888,3,1,17.775558462914233,1,Zona Sul,671451.0712023956
115.50687801236681,3,1,1.277096217498297,1,Zona Oeste,452343.88561057654
111.16121601867108,4,1,13.277456709872089,1,Zona Leste,296685.56075467035
144.566668001737,1,2,7.581229475460697,1,Zona Leste,375174.02448309667
150.3003084018922,3,2,3.3960060461200756,0,Zona Sul,756413.1338063757
98.7799540955789,2,1,6.788884896425268,1,Zona Leste,285781.9309720952
96.9672703742128,2,4,3.5659218990154598,1,Zona Oeste,413666.54052322474
108.99793211393424,3,2,9.06543281100516,1,Zona Sul,625651.204737225
59.39235751205791,2,2,1.7961186621831353,1,Zona Sul,375930.6074739271
174.674970697781,2,2,1.2395802056890228,1,Zona Leste,501908.01437406096
185.79870854005134,3,1,7.9119159553940435,0,Zona Oeste,671769.1349103353
110.03855841774487,4,2,23.27011332247505,1,Zona Oeste,451829.3672900642
143.06227852223066,4,3,4.215299899195753,0,Zona Sul,760418.4146625409
132.45000618174146,5,2,13.205070221648265,1,Zona Oeste,541894.8152216342
243.15523233820952,4,2,10.748802004719742,1,Centro,1053819.6984538424
164.78299645738306,2,2,26.81723523973739,1,Zona Sul,802977.4938829595
114.88329634076933,3,1,17.202634301559865,0,Zona Oeste,435805.2969677092
81.77838237598297,3,1,8.361063240224007,1,Centro,407628.543628197
55.74214718969711,2,2,10.701137519038946,0,Zona Leste,138224.78185241728
128.13854543468892,4,2,22.86578549795433,0,Zona Sul,697688.1620703642
89.74597018862787,1,1,5.100239195282881,0,Zona Oeste,324450.7423305641
63.10985161609303,4,3,3.9570495255169256,0,Zona Norte,219696.3867802226
94.13708463029894,3,4,0.10869948043014716,1,Zona Norte,344235.32042460353
76.7380798554242,3,3,17.51872098675577,0,Centro,376221.9018099402
187.48566540290258,3,3,16.14353476062518,1,Centro,874299.341748455
155.26559027797802,4,2,1.1032226937987564,1,Zona Leste,433592.5893469309
119.6810943473353,3,4,8.600459963188795,1,Zona Sul,710185.0490053445
179.19776555560105,3,1,6.235869732832385,1,Zona Leste,517075.67008662346
123.09473230590473,1,4,1.2636750948930697,1,Zona Leste,345843.3313567655
85.54863194686945,3,4,39.40845772237502,1,Zona Sul,485305.88480014534
180.9249630907863,2,3,2.416842317161991,0,Zona Sul,879810.8854853199
141.55640174738636,3,4,0.6960110652141278,1,Zona Oeste,583301.2907730334
78.51015382694175,3,2,9.03491442126209,0,Zona Leste,232464.63816079186
112.38645287665567,3,2,13.427241864990604,0,Zona Leste,324178.69337362854
84.97526986460971,1,2,0.3298140208855304,0,Zona Norte,282440.0654360582
64.68801076142655,1,2,10.750451054100306,1,Zona Oeste,252683.0180607644
157.04710190126565,3,1,7.599108441883163,0,Centro,634758.355155968
196.37666561880522,1,2,1.0899489967668832,1,Zona Leste,518007.14270219416
64.05729704723436,1,4,1.8937502646305826,0,Zona Leste,202093.2633010308
142.51876946762283,1,1,8.39270195554383,1,Zona Sul,708733.7634246879
93.97429723512693,5,3,3.5148502562693027,0,Zona Sul,568578.5972234863
100.51498464941216,3,3,27.857263019839532,0,Centro,455789.0402001947
96.30424303044524,2,3,17.07824080405353,1,Zona Sul,565560.6285979683
85.44036921280735,2,4,41.08476337871201,0,Zona Leste,235823.75878701825
121.94086511779308,2,2,3.0066037945438415,1,Zona Sul,649256.6188381915
86.76199534355848,4,4,34.97387831123398,1,Centro,445401.78369335405
130.81827303119354,3,3,5.642859483130849,0,Zona Sul,689320.89226212
117.99047562203452,2,1,4.26972945278714,1,Zona Leste,364496.15716726595
110.44207812534361,2,2,0.5166128521350489,0,Zona Oeste,415224.5694857615
83.69745351833609,1,3,0.5420833674506548,1,Zona Norte,288099.3625783877
96.9291467772667,3,2,11.776920419577039,0,Zona Sul,506369.50844960846
150.21564903303025,4,2,6.123582795438191,1,Zona Leste,461598.3585917613
140.03668750497522,2,2,2.5685756803615134,0,Zona Leste,413229.9345625448
80.89779020805796,1,1,9.518409858574385,1,Zona Sul,433774.70213702705
123.97329221716903,1,2,2.915001764766147,1,Centro,559361.7954284718
150.05548493487157,5,3,8.618777254207311,1,Centro,743747.6374790142
53.22378875514514,2,2,4.450515334189824,1,Centro,251600.97043490436
141.7344076951974,4,1,17.347303478796615,1,Zona Norte,467473.3449318124
93.49504964216614,3,1,17.18673486256617,1,Zona Leste,277322.0595710627
142.82394674372637,2,2,6.488440167417791,0,Zona Norte,433351.9010705997
89.46963373829932,2,3,4.320438789798166,0,Zona Leste,245041.52605840575
47.804715973419235,2,2,4.502948048729824,0,Zona Norte,162330.94230483327
54.89830248467349,3,2,16.38426684365119,1,Zona Oeste,253921.20594134278
121.92339786645528,4,2,3.9776406162965157,1,Zona Oeste,533904.2679628371
130.38890006885927,3,2,2.345323756080351,1,Zona Sul,710656.8679436843
83.82733499582366,3,3,0.8849066172868149,0,Zona Sul,530048.8539974722
145.54369835109495,1,3,6.286582623108428,1,Zona Oeste,558996.2120534949
53.5391975092416,5,1,6.580350864648464,0,Centro,285234.76096208463
117.35680805410733,4,2,18.38277093112653,1,Zona Sul,655460.5539817541
71.55935200950174,2,1,2.500506939887871,1,Zona Norte,236426.29173662726
93.92655568791363,5,2,4.7963590893067325,1,Zona Leste,273698.9969831469
121.89594685265656,3,2,16.52375366366252,1,Zona Norte,427237.0970071523
85.58346538864191,3,1,17.351349921511567,1,Zona Leste,269582.0878399315
104.61777823080699,3,2,4.8550081427170975,0,Zona Norte,347262.64025271975
160.2517123685776,4,2,6.145652746364185,1,Zona Oeste,640878.5060012997
96.92432521907405,3,3,3.6138012575063687,0,Zona Norte,298302.90558589547
153.42768448260568,2,4,26.964410253979043,1,Zona Leste,412982.5717639617
74.81172581369528,2,1,1.2629338260806695,1,Zona Norte,276190.6347491849
141.1921671166113,4,3,27.143111047419588,0,Zona Oeste,514052.3287370057
177.66274482631601,2,2,11.515905339000007,0,Zona Oeste,577984.1757289266
88.12418978118093,3,3,0.3320427150562829,1,Centro,470417.5335364817
143.0828850872216,3,3,6.454932651471989,1,Centro,682343.1077215448
111.8781845582803,3,4,5.238232362906698,0,Centro,554585.5905758053
134.84583493485235,4,2,1.7580540745327076,0,Zona Leste,398975.6768286437
95.84059253136718,2,2,10.683050389153042,1,Zona Sul,532933.4869123012
123.463591498916,2,3,35.45676737763038,1,Zona Sul,653811.6384404106
113.77291058431682,2,2,8.259675370352236,0,Zona Oeste,390985.5664045918
166.71128246639228,4,2,12.544007765248352,1,Zona Sul,898976.3957404405
130.17683373204852,3,2,0.7090589933631709,0,Zona Norte,421870.065249243
133.5041064830081,2,2,5.407128227430151,1,Zona Sul,680366.5411107864
103.5249213551013,4,2,1.2370382479666218,1,Zona Leste,301412.7684802221
100.49575103710026,4,1,9.48803168308293,1,Zona Leste,294680.53461306234
102.69767248721516,4,3,27.884280359045825,1,Zona Leste,302936.16083177394
135.77808569513186,4,1,10.840520033830263,1,Zona Norte,457412.7526164574
103.16062076718949,2,2,0.7991268513412317,0,Zona Oeste,382260.23332142807
131.59099427585653,4,2,4.3798758439830285,0,Centro,594384.0687130385
203.01603194581756,3,1,7.999829604202996,1,Centro,873130.0713693334
154.8449881372677,4,1,5.161862263788675,1,Centro,743057.6794755029
106.95905871328635,3,1,17.936252716063066,1,Zona Norte,344907.6985689555
168.04855688655778,4,3,16.856226803821805,1,Zona Norte,538475.4789631282
103.67698507913795,3,2,9.463145189701983,1,Zona Norte,350210.91906891967
38.475018592885846,2,4,4.675393802152782,0,Centro,260815.7672559867
79.67654756330384,3,2,2.9482267097022934,1,Zona Norte,278489.8398501235
45.16832315896578,5,2,1.11908930035361,1,Zona Oeste,306134.6340130002
105.93946063834765,4,2,4.383463445134082,1,Zona Norte,380801.3526013481
120.73673516758207,1,2,5.330243987856997,1,Zona Oeste,455359.5700268712
187.05749249101132,2,3,11.264653850249829,0,Zona Sul,964879.7453928618
133.0770949505665,2,2,10.734119736562512,1,Zona Leste,349684.9422961377
111.23597884764543,3,2,0.7268697877993113,1,Zona Norte,373609.2448882832
153.17622324733958,4,3,5.029555333827071,1,Zona Sul,829600.0468290074
31.5545876396846,2,3,2.006226454377922,0,Zona Sul,248035.54410773717
129.42458232434262,3,3,1.7056616928390107,0,Zona Oeste,541508.6724812414
150.83460775547866,4,2,17.56211741719636,0,Zona Leste,445351.8203074845
60.856550168806336,3,3,0.4281900463101456,0,Zona Norte,255906.2894770181
165.75016172827716,3,2,5.433193322665865,1,Zona Sul,868773.5284373292
133.53985629977657,3,2,1.8416764668961785,1,Zona Leste,383717.4943961499
103.38848344396794,3,2,21.146975192395196,1,Zona Oeste,383496.9272035782
145.3112746442514,2,2,8.14276965207114,1,Zona Norte,493229.41955625056
210.82771431217583,3,1,2.631594078000812,1,Zona Norte,648245.9555356434
127.27465020233981,3,2,6.9801357661380825,0,Zona Sul,649926.5841639322
129.92882345201343,4,3,13.14853564472995,1,Zona Oeste,567362.8659621808
101.62556401839024,3,2,31.728993515940026,1,Zona Sul,525266.257473646
86.00622522140833,4,1,2.490333231532837,0,Zona Leste,268555.11463060725
153.21343266176982,2,1,21.731525955061656,0,Zona Norte,426665.31214140635
85.75664696364531,3,3,27.227189759620636,1,Zona Norte,309812.01881578984
122.8626494887757,1,2,24.819575370836894,1,Zona Norte,362120.06500221876
100.89370212939534,2,2,10.089937945340157,1,Zona Leste,265054.37693205214
139.1591930298557,3,3,9.937676730375314,0,Zona Leste,387543.4493407542
133.34648421147793,5,3,5.161910472483326,1,Zona Norte,493367.0707832626
161.50159777031598,1,2,13.959321853156544,1,Zona Oeste,583015.690486491
99.59934404581011,3,2,7.577796119222651,0,Zona Norte,336100.51484816865
109.20500258826515,4,3,11.314601339820856,1,Zona Norte,367259.77606899606
80.8494513687077,2,2,5.594171394027411,0,Zona Sul,429906.05820274644
102.22826959695553,3,1,13.148911958206362,1,Zona Norte,323692.09804762265
135.0920197217941,3,3,17.399539563927043,0,Zona Sul,709254.396204277
150.2795446658141,3,2,1.5833505482968753,0,Zona Leste,412034.0580045563
83.11338703289499,2,2,17.893406902791593,0,Zona Sul,435971.60482057236
154.7842368042264,2,2,7.771736316917953,0,Zona Leste,427018.98779976636
174.22551435219805,4,1,18.621770564349337,1,Zona Norte,552981.6667454481
136.53739612894805,3,1,5.644052250976835,0,Zona Oeste,510327.3184353269
195.07183250232265,1,3,4.764893930273884,1,Zona Norte,565441.2980487967
89.04843203585708,4,1,24.65818778071359,0,Centro,406177.51861157693
70.21381186754331,1,2,2.8924231239120246,1,Zona Sul,390961.7106777602
48.85119004382885,3,2,18.59261258341981,1,Centro,276467.9656784022
179.84177245956732,2,1,6.616883834996436,0,Zona Oeste,622708.5938830711
146.17462625416232,5,4,7.217430582178053,1,Zona Norte,494577.29186663317
117.7766131635818,2,2,3.6884625978898313,0,Zona Oeste,400458.7427994614
131.19874505279282,2,2,8.510701011270651,1,Zona Sul,676765.4402541064
74.98043810806493,2,2,3.9335552043998683,1,Zona Sul,447879.22771817556
217.83007918467305,2,2,0.4006125712272674,1,Zona Norte,628317.121575963
125.1688472790091,4,1,3.1745231505151144,1,Zona Leste,374179.25967864227
124.37579178419571,5,3,0.0639947644582873,1,Zona Oeste,591375.0871331611
149.03066495594769,2,4,38.32970960153524,0,Zona Norte,451347.18784472183
139.24036926946854,3,2,33.73987252475143,0,Zona Norte,436953.94193769945
128.95536097116525,3,2,5.027835439386897,1,Centro,621212.279254996
88.38102178218753,4,3,13.033175780816855,1,Zona Leste,317038.10811232554
138.85873428543982,3,3,4.243514858571407,1,Zona Oeste,549086.6621881672
195.28097985900135,2,2,11.11980720548938,1,Zona Sul,961697.8932168324
173.8168018461991,3,2,16.369635047353423,1,Zona Norte,480789.88931937004
183.72746506557587,3,2,29.328747524851977,1,Centro,819132.6514542844
99.5513729427526,1,3,5.111794794483153,1,Zona Leste,321640.33882341743
80.41580718965676,3,3,15.29232062481517,1,Zona Sul,477869.1065092873
114.96852319601408,2,1,3.0914877641552607,1,Zona Oeste,442416.45587833103
122.22899649154779,4,2,46.38965239229588,0,Zona Sul,585368.763349702
163.76766073883795,1,3,0.2610745173687319,0,Zona Oeste,597299.1694986095
52.30141481140723,3,3,9.251518925039456,1,Zona Oeste,294916.6489661653
181.18201277842456,3,4,10.773577208048117,0,Zona Oeste,644694.2677623276
113.67968405684043,3,3,11.648981180973006,1,Zona Oeste,480517.8487013482
102.9247572021032,1,2,1.2827389897000618,1,Zona Leste,288459.7906589047
79.5158249895933,3,2,27.89202505589033,1,Centro,393119.97272609023
53.80573312536923,3,2,1.9989500411636574,1,Zona Sul,383307.25403590186
152.92682335847658,3,1,9.748562025540377,1,Zona Sul,789783.8132993777
122.93271868753615,3,2,2.518981289020826,1,Zona Leste,362951.60275075457
68.40156401035784,3,3,3.6703761863891735,1,Zona Sul,448023.97041593364
68.19684911745536,4,1,7.906685951447728,1,Zona Oeste,340258.57157677575
106.56861202839487,2,3,5.398999119392918,1,Zona Oeste,447612.7198649208
186.7608610115757,4,2,1.746219958079338,1,Zona Sul,999716.2153697191
109.6163459454558,3,4,1.874584107710882,1,Zona Sul,630042.6461711392
59.874281875275756,1,1,5.415336391128354,1,Zona Sul,328739.66898778523
110.17027743656223,1,2,14.158590338737294,1,Zona Norte,356690.400980638
109.09105721009318,2,2,22.824359262181233,1,Zona Sul,569927.150014626
117.8282053392875,3,3,4.993976847166674,1,Zona Leste,394122.74734310934
110.76261879165288,4,3,1.0563340146874665,1,Zona Leste,377757.33927239326
147.84825459253673,3,1,0.16731677737616527,1,Zona Sul,786929.337254346
193.9582437978138,3,2,10.838774297986395,1,Zona Sul,981334.1522392678
165.06260118191028,2,2,9.224331629545526,1,Centro,678181.521569923
109.24445237780678,2,2,1.7795404485243713,1,Zona Oeste,437681.4999039286
75.73896365033319,3,3,2.6632879586794567,1,Zona Leste,253122.63247751913
222.93439212999442,1,3,0.23993304648808653,1,Centro,967939.5402344513
122.36873736057953,2,2,18.014898907711345,0,Zona Sul,595558.8652215471
120.55717167651785,3,3,36.76579254625421,1,Zona Oeste,460988.5935428934
119.03499651559987,3,2,1.4555716962699086,1,Zona Oeste,454626.3810254383
127.92339043071419,5,3,2.632824637783747,1,Centro,645679.1940676651
114.2255835230423,4,2,20.280606331272175,1,Zona Oeste,479668.7794776514
97.05351972479055,3,3,26.09977449209915,1,Zona Sul,581909.3296460627
98.12564235038431,3,3,5.440849382835793,1,Zona Sul,581453.6088275632
118.68986919136006,3,2,0.5194874311459001,0,Zona Oeste,469161.3536287102
98.26300915464941,4,3,0.40188688530854166,1,Zona Leste,346559.2756019679
91.48616869291342,2,1,8.531982543531234,1,Zona Norte,281615.99245768314
124.25720910767588,3,2,4.990537003688611,0,Zona Leste,353561.1531211801
109.80091130316579,4,2,0.290709216796071,0,Zona Norte,353391.020096788
180.15971954330755,2,4,8.752744977697656,1,Zona Oeste,706695.5437872678
163.66027407689847,3,3,15.482109221921847,0,Zona Leste,446368.00668664766
169.84340769990516,2,3,3.659071768722322,1,Zona Leste,457044.94911642285
37.06439070367402,2,2,0.4109078377546741,1,Centro,255657.5907474633
106.29249623678605,2,3,8.875872005714681,1,Zona Leste,357695.55178833514
105.14236536016834,1,2,5.069737425165611,1,Zona Leste,276127.6530157074
63.69953221128715,1,2,36.42011645329983,1,Zona Oeste,229351.14804566733
88.88733249636499,4,1,7.856982277819277,1,Zona Sul,535339.6723002753
75.57696618136686,2,3,3.2191358343668046,1,Zona Leste,262537.5344077034
190.09081773694493,3,3,12.359412760671196,1,Zona Leste,515139.5066543415
157.42713572589844,2,2,3.1675667542870176,0,Zona Sul,722010.1548322577
170.86220379976635,4,1,23.459445897471603,1,Zona Leste,494485.52228474244
148.8668825617294,2,3,4.695588809727146,0,Centro,667686.6989297823
74.83792915131083,3,1,7.982156561460809,0,Centro,318132.16955047986
99.01918934880905,4,3,0.5189674360981235,0,Zona Norte,335733.364713705
139.57498244911673,4,4,5.553371209164526,0,Zona Norte,493218.06711491366
71.11488764432218,2,2,17.859575708045604,1,Zona Oeste,326489.5243165704
148.51993720689552,4,2,16.38088474871523,0,Centro,680705.4053871417
110.3869840736746,3,3,2.54013357069355,1,Zona Leste,339374.4062410669
105.0071676980161,3,3,2.562855695393642,1,Centro,537855.9899945012
148.43839872813965,2,2,16.999388921743535,1,Centro,651692.0333389555
137.7705324594416,1,4,26.64968013182787,0,Centro,596725.2880858227
105.5613533672368,3,1,1.0021922286375342,1,Zona Norte,338596.83295586344
166.37319213456993,3,2,5.979436235782229,1,Zona Leste,450396.11903665797
76.7574668960041,3,3,4.116657106188566,1,Zona Oeste,378976.8096767264
144.63742427777055,3,3,20.455307122513908,1,Zona Leste,409878.34345840703
143.72405031873535,4,1,0.8722039666546805,1,Centro,710459.2781954929
107.61814242744039,2,3,2.3714859389136107,1,Zona Norte,351504.4030694559
133.04532088968472,3,2,13.962167762121442,1,Zona Norte,426560.84820946294
69.95545694458788,2,2,0.5265616897537502,1,Zona Norte,237457.56853272984
156.96108076827605,4,1,6.783282861896273,0,Centro,694477.2009042827
112.60391454228044,3,3,5.835881534227699,1,Zona Oeste,445602.509561899
99.09107917923842,5,1,4.070681607939376,0,Zona Norte,330629.63191769907
161.96036903347556,1,2,5.018201538710777,1,Zona Oeste,566224.1188193252
91.82625237828964,1,2,7.548961814804645,1,Zona Norte,309015.28045188304
63.661548145457616,2,3,1.7598252106831833,1,Centro,370824.0517885896
57.73483305904385,2,2,8.486224532681884,1,Zona Oeste,229084.8474992077
144.24039805382557,2,3,16.36975255097398,1,Zona Sul,778704.8773257657
68.78282590014868,4,2,14.277871213455,1,Zona Leste,287604.78771798994
190.19176727937457,2,2,1.67117610409889,1,Zona Oeste,709214.6660421542
36.72282368465112,2,2,1.616363423177122,1,Zona Sul,262505.8762416714
187.85825473160153,4,3,3.122130006984853,0,Zona Leste,576848.7191703167
128.44069868810473,3,3,4.47967774073656,1,Zona Norte,406378.80652516964
116.1314755251843,4,1,5.25018503553894,1,Centro,569989.6433394002
98.20323652764202,1,2,11.384885331551512,0,Zona Oeste,353639.75212915055
135.96544457408282,3,1,0.5835016952137922,1,Zona Sul,757872.2004496004
118.49461190300606,1,2,0.3528806854202966,0,Zona Leste,319299.54352141405
164.13207528066084,1,2,4.9743330741297385,1,Zona Leste,427964.83629851317
124.56910594648159,4,2,11.945628575330812,1,Zona Leste,354385.66400353203
126.01207045847511,2,2,2.149712147065439,1,Zona Norte,398961.4129006012
105.45551151144576,3,2,10.258391190380262,0,Zona Norte,313858.7817906584
117.72217505115731,3,2,3.008728737222328,0,Zona Oeste,457630.08245356823
132.31207075568236,2,3,21.723124564704275,0,Centro,554493.090415836
51.593264293734975,4,2,22.603875099891226,1,Zona Norte,183577.57013738732
66.07258311577148,1,1,3.52807011587779,1,Zona Norte,245323.62707579107
149.7305637609086,3,3,2.613566524312562,1,Centro,700598.1117173565
126.83461752511768,5,2,5.298453101530028,1,Zona Norte,420322.1234269345
112.64066654589283,3,2,2.751365446183705,1,Zona Leste,336771.324663445
120.73735732261572,4,2,11.159126098179419,1,Zona Leste,366209.78801508737
133.90326821446683,1,2,17.490717991613753,1,Centro,542555.4781357421
98.40961278762555,3,1,11.180768936885803,1,Centro,479895.44359630335
88.86781098390749,2,2,17.392644465266,1,Zona Sul,465373.03135587944
127.83381020390726,3,3,5.058250843418694,0,Zona Leste,396975.11999845825
80.86508889539871,5,2,1.6997841263755953,0,Centro,447143.3375693015
136.33011022857886,2,2,13.392235690718925,1,Zona Oeste,509659.90469233313
51.89665583048638,3,2,4.470287918955937,0,Centro,266182.22803790716
161.16622549302576,2,1,11.125210442012357,1,Zona Oeste,589011.458489499
138.90389929652173,3,2,3.155932464334956,1,Zona Sul,767589.4629695112
130.24118937255503,3,3,0.8471906250393826,1,Zona Oeste,538354.1326701842
159.30763935782056,5,1,49.03818230567541,1,Zona Sul,803983.9275089421
186.61897777850305,3,2,1.6984156636460161,0,Zona Oeste,686641.7752554073
160.5748026007252,2,2,44.585616450187786,1,Zona Sul,756131.0084032427
46.36503074673419,2,2,37.84506717107504,1,Zona Oeste,187010.9090391796
68.81692133057194,2,4,15.789965090618763,1,Zona Leste,186812.79034277762
95.00725689217285,2,1,10.771139295910263,1,Centro,460500.34541183815
121.04364200843335,2,2,8.622928425493258,1,Zona Leste,349582.3536862807
140.70636081876492,4,1,20.106735676349174,1,Zona Norte,431841.99522128236
90.97024747386138,3,4,3.417012141942121,1,Centro,531316.5489906394
127.47067057908313,3,1,6.305127444514089,0,Zona Norte,389736.5254713095
89.7846827058671,2,2,9.659799696762551,1,Zona Sul,481318.5011917542
95.53928788032206,4,3,5.296525362049009,1,Zona Oeste,453088.22053621814
63.73355612607111,3,3,5.577188828559611,1,Zona Oeste,322146.79183480435
83.07067015556383,1,2,4.009025337516593,1,Centro,404655.4803776117
65.93261577534665,3,2,8.306448666735943,1,Zona Norte,243027.14670034175
80.9650698809067,3,2,19.009575256026636,1,Zona Leste,260118.42198491542
162.14567186431358,1,2,2.250558511023859,1,Zona Leste,430113.99986111163
82.02404444672229,3,2,27.24683349435251,0,Zona Norte,266561.59889414976
225.29528259349564,3,2,11.682442513782402,1,Zona Leste,565263.8351331508
139.73271603523557,2,2,17.331503134101563,0,Zona Norte,398002.51121486083
127.39344494779496,4,2,8.123602967116906,0,Zona Sul,715528.1997705657
85.66568879275147,4,2,15.119333303837031,1,Zona Leste,262160.83735152794
148.01239517635966,3,4,0.16333058503340642,1,Zona Norte,486409.7034997774
96.97448695048905,3,2,17.058410255599657,1,Zona Norte,318519.3187672813
124.88039258581446,3,1,0.40966649862924864,0,Zona Norte,362012.2374151599
222.4033815307518,3,1,22.06487735485061,1,Zona Leste,535950.5982653587
116.157604011014,3,4,48.23667950531431,1,Zona Leste,323577.17805170995
165.97093305142704,1,2,3.4823560154579845,1,Zona Norte,501704.587306574
91.8729429949645,3,1,2.36125650647291,1,Zona Sul,528836.2573468579
118.60046038012153,4,2,14.497171906671586,1,Zona Norte,398776.217071366
190.8320254254204,3,2,2.9172535674715716,1,Zona Norte,594481.7578549185
94.9213176884893,1,2,20.066550029425972,1,Zona Sul,507502.9339850781
192.49794231987715,4,2,1.0852394977398256,0,Zona Oeste,718240.5224894965
148.310077418219,2,1,1.3462364191664373,1,Zona Norte,446243.9447101961
97.50132896422929,2,4,38.704759186803564,1,Zona Sul,517576.33186106465
145.29630956222084,2,2,11.203638425948373,1,Centro,661177.8125340639
158.9021779850692,2,2,18.765805338753758,0,Zona Sul,790151.6304955458
144.87239848868785,4,3,3.920495662842343,1,Zona Leste,423994.48505919345
57.191011204381745,3,2,11.285059329816718,1,Zona Sul,377410.63716557046
90.91451296700527,2,2,9.019979306056843,1,Zona Sul,514852.4882311576
110.0992545779398,4,2,9.24197206136358,0,Zona Norte,341098.6523706338
117.02266283599815,4,2,11.473797006401977,1,Zona Sul,667299.630596647
144.82688390202713,4,3,8.565115806121819,1,Centro,673876.7195231054
127.10804003733016,2,3,5.604753034927771,1,Zona Sul,655698.0445408061
66.58622565159595,3,1,3.228571165790651,0,Zona Norte,233712.02336794263
135.20791404023853,5,1,14.635267886230007,1,Zona Norte,443212.13198442134
144.42342981135292,4,3,2.565354440990672,1,Zona Sul,822603.0106420264
142.3916179172416,1,3,11.788065028200192,0,Zona Norte,413990.2103110051
163.23122902218486,1,3,2.657024996236536,0,Zona Leste,406101.3286829785
153.35688618195616,3,2,9.817100940501913,1,Zona Sul,809475.2503687631
138.36720316913747,4,2,13.746751943563506,0,Zona Sul,697370.2602454763
117.19337154165412,3,3,2.4681385680010894,0,Zona Sul,663987.4112454698
53.56156265936035,3,2,0.6181508730450815,1,Zona Norte,197940.4764973331
137.18472876530342,2,2,1.4038193897663729,1,Zona Oeste,529749.6981773868
128.30750748652446,3,1,9.31396672432166,0,Zona Sul,625067.4018419326
130.86315348781494,4,2,18.93436153371088,1,Zona Oeste,537929.0322899233
68.93005696718762,2,2,0.46040609957652556,0,Centro,326600.0668169522
76.7577383836695,4,2,13.248277749529013,0,Zona Norte,256949.10926890734
162.12611413331615,5,4,4.175153909322173,0,Zona Oeste,673987.53824072
118.4177938457338,2,2,6.511004066337759,1,Zona Sul,636202.1780398466
147.26002789490497,3,3,26.430991847557532,0,Zona Norte,451647.07157216105
121.13273504521845,2,1,4.034244487742304,0,Zona Sul,579419.4222415203
121.1902455798298,4,2,6.261185135472468,1,Zona Oeste,480444.1678858686
157.5313522390399,3,4,0.13776881677615843,1,Centro,759337.3335112493
99.35821087130505,3,1,0.8512085969485157,0,Zona Leste,275401.81210367865
123.84483107763934,4,1,2.992036464560498,1,Zona Sul,707842.3786016151
101.5089884517983,2,2,0.2824747045872233,0,Zona Leste,281797.4234673952
102.62015090270738,4,1,9.979762963455647,1,Zona Sul,593422.5414016924
107.63311506125443,3,3,5.558201249895719,1,Zona Oeste,426607.6077284295
128.88535086534853,2,3,7.943943957336257,1,Zona Sul,733336.9017503491
100.8500551334609,3,2,1.919443306061396,1,Zona Leste,309219.7379748164
170.23024502294084,4,2,3.508803783889429,1,Centro,809788.250077197
84.21570791121985,2,2,10.90121859148712,0,Zona Sul,420897.0243088662
112.52513423354564,4,3,33.610940858995065,1,Zona Norte,383228.2137018245
102.410757669033,4,1,0.5173209970347977,0,Centro,463672.5423425886
177.8791153741493,2,2,22.107748568101183,1,Zona Sul,888835.7530967135
127.86219106046299,5,2,8.601022914022199,1,Zona Leste,388868.95852617675
161.2737815787454,2,2,8.29928572729136,1,Zona Leste,441001.4572858672
60.577585078521125,2,2,6.937044061968387,1,Zona Sul,388653.04736299446
130.68201063477036,2,3,0.7191938444906126,1,Zona Leste,356410.6642234508
155.58523182493747,4,1,0.9417536086475614,1,Zona Norte,491042.7130672924
123.29135957101697,3,1,9.18573349211753,0,Zona Sul,632679.0034531354
162.61921500261406,2,3,4.169688806521999,1,Zona Oeste,667521.1813123872
99.30846199598511,3,3,24.921496157845496,1,Zona Oeste,407542.63211989123
176.3738976074232,3,1,5.218706247737462,1,Zona Leste,494945.11161810433
211.95592494477,1,2,1.5464583755069372,1,Zona Sul,1039342.5452910351
105.48645758241364,4,2,12.542800359175763,0,Zona Oeste,461153.14152199763
102.17989914396912,4,2,3.4722462695569787,1,Centro,495543.25317175034
178.13537908470803,3,2,7.454310861900854,1,Centro,803929.7952032776
183.1828858292285,5,1,11.967747244569955,0,Centro,776844.302644809
99.08559891386926,3,2,23.052296989042944,1,Zona Leste,241232.1683913175
103.19252731616571,5,3,15.71136827786808,1,Zona Leste,345042.2119988596
108.72861564557971,3,2,11.281267916175997,1,Zona Oeste,448184.99284556863
66.22197955862892,3,2,11.382886346791263,1,Zona Norte,243858.00834134186
83.25392214063207,2,1,29.17376724309139,0,Zona Sul,388758.11696741206
79.83436932991728,4,4,3.5072709252368095,1,Zona Sul,603459.7442781976
89.28809739583485,3,3,0.01112713031782865,1,Zona Sul,546616.2448251514
118.61260450452875,2,3,3.173918143243312,1,Zona Sul,666698.3302805158
129.36858930146082,1,3,2.4576164734957566,1,Zona Oeste,488225.67018169776
182.02001971256308,3,3,10.842201100590398,0,Zona Norte,555100.723734201
80.06583837044836,3,2,10.043342770903525,0,Centro,378935.7505414617
159.37289593906334,3,2,9.000763550100638,1,Centro,718642.9318926218
111.44044623097965,4,2,0.16376814174340518,1,Centro,607282.8123605608
118.02145161390268,1,3,13.048178060225275,1,Zona Norte,393458.2583670213
146.99277968666416,3,3,3.9086778801448467,0,Zona Leste,412390.66189186275
75.09111913750806,2,2,10.937918924881512,1,Zona Oeste,272184.7436175276
135.29638984736204,4,1,8.132343327851878,1,Zona Leste,386985.27650633606
126.65808832852224,4,2,4.1966179400233425,1,Zona Norte,486760.43362909066
139.69805056032595,3,3,1.4453602737523241,0,Zona Sul,734359.9537780441
131.5667457563127,3,2,0.9917843930890067,1,Centro,650885.340179677
218.21200559643577,2,2,17.809283369620303,1,Zona Leste,598300.2347748016
94.49040062994736,3,2,25.05895895916186,1,Zona Oeste,387632.74554086773
98.76012179992729,4,2,10.492167271152297,1,Zona Sul,569345.8645555812
95.07437894300942,3,3,1.091834971264241,1,Zona Norte,297011.92503632983
97.78091523358981,2,2,5.142100392583,1,Zona Norte,340563.8449495469
94.50451490773929,3,3,13.054121294104903,1,Zona Oeste,391210.24571555335
167.56066124430208,4,2,15.133139002905692,0,Zona Leste,457562.08482175425
176.8201699195942,2,2,1.2581112477879057,1,Zona Norte,518785.7518681079
97.17014825002096,2,2,0.00030719317215809495,0,Zona Norte,302054.3729917976
86.70577707583085,3,3,12.452707658526183,1,Centro,452638.39173767733
138.85662225545616,4,2,4.409827207478817,1,Centro,677679.9230474426
97.91107822876114,2,2,2.9367510366667697,1,Zona Sul,526398.2817273769
145.31727271022044,2,2,0.12981364284835387,1,Centro,688006.824809384
128.116920834052,2,3,7.771798856802494,0,Zona Oeste,468298.9643152494
59.37023540011072,2,1,19.04821132251279,1,Zona Oeste,212979.35515653645
181.90020805320245,3,3,31.613535697737237,1,Centro,796132.7466011619
191.8351069238209,3,2,8.341232460949946,0,Zona Leste,506418.7768289394
95.48845238062455,3,2,7.224963399222758,1,Zona Sul,557072.3792774115
104.49193760256064,3,1,0.8889283909093013,0,Zona Sul,578622.9746988605
131.4346156289962,2,2,7.960059427533636,1,Zona Sul,687286.7044544653
133.378271599481,4,2,4.780020579081002,1,Zona Sul,748139.7988416675
146.3417709069132,3,1,9.342899525391648,0,Zona Sul,704959.9321683602
200.40818155065398,5,2,4.922105442611789,1,Zona Norte,661083.2653461731
112.92211090023802,3,3,2.7483050666339475,0,Zona Norte,373602.4061522342
88.06811021846185,2,1,0.9978196610492109,0,Zona Leste,234164.65424958582
64.82723087941892,3,3,3.782173888125585,0,Centro,307315.8805058613
90.76279840232324,2,2,1.0163948538341305,1,Centro,479041.84436017805
118.67492108504811,3,2,1.946738745078903,1,Centro,552747.832573964
191.78231454071152,1,2,43.690044785558904,1,Zona Oeste,638997.0285328391
99.29554803855314,2,1,5.871732555080489,0,Centro,438786.2752502727
128.95151806555594,4,1,7.590130174021007,0,Zona Leste,335480.38064578373
119.34308415708992,2,1,20.68450396125348,1,Zona Norte,332240.07809395174
221.07729703494488,2,2,8.739845177801426,1,Zona Norte,670962.7803924426
98.76524908318717,3,3,16.738368222200386,0,Zona Sul,520932.3436465154
100.42242229927112,3,3,3.959223221762986,1,Zona Sul,654507.4673635422
161.76643508276288,3,2,3.649144491201648,1,Zona Sul,837588.1398230131
147.27565958505247,2,1,5.153420089544921,1,Zona Norte,433077.1823304728
193.86829302944136,2,2,11.162894002554694,1,Zona Sul,956855.118222946
143.35712741303854,1,2,11.46306874356436,0,Centro,594553.5006469864
105.62831636851762,2,2,3.7868604145736358,1,Zona Leste,301074.4041770772
143.62619322769237,3,2,1.4295845855094444,1,Centro,687530.3379068882
164.3481432233163,4,2,10.007497048351262,1,Zona Leste,450857.77829750505
152.81928724789458,4,2,1.3733962008519933,1,Zona Oeste,590661.0777278433
140.2909612442919,4,2,8.639177276277925,1,Zona Sul,739886.2648967145
162.66698758356614,4,3,11.822834875439824,1,Centro,724060.0828790922
166.7718236178269,3,3,12.060132058448962,0,Centro,721870.5600440402
175.2863596415011,2,2,14.002801505590126,1,Zona Oeste,639522.2989129402
145.94839550358572,4,3,20.624618878984485,1,Zona Oeste,572813.8838452862
113.31527678732583,3,4,6.930651678526561,1,Zona Oeste,512184.8124955394
125.86854745733291,3,2,13.102566703241108,1,Zona Leste,388163.0647271688
168.26035866033428,2,2,9.654093803239629,0,Zona Oeste,592943.6206466495
87.32257316051056,3,2,2.0658138899841823,1,Zona Sul,488974.43612348195
134.74693235491605,3,3,0.2602538633000231,1,Zona Sul,744636.7126410712
104.26644750690558,4,3,3.348315232754807,0,Zona Leste,307564.3939520283
121.1497929173927,3,1,5.852505549570333,1,Zona Sul,643252.6105583506
171.13807450429195,2,2,9.599969453743117,0,Centro,706004.1521989078
127.64396272079614,5,2,18.96848891656341,1,Zona Oeste,519290.4812559114
121.85746192624595,2,2,2.1846167430754426,1,Zona Norte,386818.159814141
65.60575436080323,3,1,1.3415992141991449,1,Zona Leste,207669.7091182573
149.85014264108884,1,3,33.098937849849776,1,Zona Oeste,539263.0892532703
145.819367245643,3,2,1.1433910210774867,1,Centro,691416.4982487042
206.5301889322184,4,3,6.510288812117676,1,Zona Leste,564251.3206439803
107.68887060187997,2,3,8.808360648239415,1,Zona Sul,624308.6832562414
128.76601310655755,4,3,7.795211336363259,1,Zona Sul,720652.9959381517
129.9753473484302,2,2,0.899598908963053,1,Zona Norte,385267.7865463881
183.098131190539,4,2,0.5871753758696237,0,Centro,824934.9450817726
116.18817870452192,4,1,1.1147184905131151,1,Zona Norte,381856.6731724606
131.16086103081358,4,2,8.808938680938832,0,Centro,610501.5671501003
144.31586038866158,1,1,7.86019088162905,1,Zona Norte,379505.2792339095
127.46436492625432,5,2,2.6623477488612957,1,Zona Sul,777445.2393745139
102.14265541797887,3,2,10.15487344158388,1,Zona Oeste,438346.27025439613
127.7635997159323,2,1,17.151735098465682,1,Zona Leste,314901.72025620495
162.94526999439088,4,1,0.42468098446434205,1,Zona Sul,845541.1510211367
78.9393880235576,2,1,6.8941404448761645,1,Zona Sul,475831.3535206455
125.31878696587503,4,3,11.689609749009922,0,Zona Sul,666652.5286529636
91.99516740243307,2,3,2.9076940278155874,0,Zona Sul,482933.015294573
167.8018651569937,3,2,3.6783831643820264,0,Zona Oeste,575878.8916542734
59.07252380864901,3,1,9.509802740777989,1,Zona Oeste,265462.9814416549
97.64312610913646,1,1,22.821482888279533,0,Zona Sul,438107.45086197974
135.08847500258082,2,1,16.60333498038797,1,Zona Sul,694802.9969764214
182.62096116937363,1,1,8.749813819698304,1,Centro,737865.42203126
117.36998955708049,3,3,13.101548342128917,0,Zona Oeste,425003.5265172117
97.79201893227207,2,2,4.538507446871991,1,Centro,482008.06685045705
195.2462827776236,3,2,10.243368730946447,1,Zona Leste,552530.9851060809
62.07944398335024,2,1,6.276995561461796,0,Zona Oeste,210534.42300509015
32.04776173519673,2,2,2.1064219054411346,1,Zona Sul,275185.5766762184
137.6005780021333,3,2,12.097839023553798,1,Zona Norte,442384.34231429786
99.91783102589555,1,2,8.129777450083196,1,Zona Leste,303135.07928357564
79.15068731477147,4,2,4.441356404862513,1,Zona Norte,302805.2277551543
148.33425789197412,4,1,24.229373145685692,1,Zona Sul,723214.542445596
129.75202855084797,3,2,0.2115634333969269,1,Zona Sul,715527.4356823997
97.43685477053086,3,2,3.7946576612332916,0,Zona Leste,304015.6016937129
68.78782405316423,4,2,0.5856323307762119,1,Zona Oeste,323980.70342991385
154.89829313120578,2,4,14.546901946764358,1,Zona Oeste,591903.4758133893
146.00804711834644,1,2,12.11022441777346,0,Zona Leste,365208.46347879316
116.03296544882468,2,2,4.0249784290157,1,Zona Leste,277268.8567365971
193.86547984190662,4,2,11.259718787702626,1,Zona Leste,573696.3280991634
77.19660934695389,1,2,5.04077156308529,1,Centro,354486.25982316583
58.97899316301044,3,2,14.116277237787305,1,Zona Norte,237653.34067557563
92.32367720475023,5,2,6.054727384638724,1,Zona Oeste,428273.91192960896
118.17655934578009,4,3,5.315041718826618,1,Zona Oeste,535788.4810775523
129.73357797290768,3,1,27.292214715342705,1,Zona Oeste,494220.49357228
110.35055768574681,1,2,2.8885489312475476,1,Zona Sul,577546.2007585699
134.08221586057186,4,2,1.283418416641144,1,Zona Oeste,538689.2502311964
69.93842303238225,3,3,8.7837643242762,1,Zona Oeste,347091.6692778004
177.75058416293038,2,2,34.84203374768197,1,Centro,707963.8082843495
116.71395286429726,1,2,4.745567208171341,1,Zona Norte,377774.4706517662
164.6918332635251,4,1,0.6404452437809837,1,Zona Sul,860671.6867890941
133.70901385510817,3,2,4.144633722946607,1,Zona Sul,755519.2850026997
138.27012876615134,4,1,7.050814197840705,0,Centro,624313.4345840513
142.79069120928816,4,2,1.7664530519334423,1,Zona Norte,491327.53387534013
137.9083424006926,3,1,10.732434698001363,1,Zona Norte,436333.1095301632
173.16610120529725,3,2,6.010046962120925,1,Zona Oeste,646622.4990512413
127.86084678805881,2,2,4.380842084368992,1,Zona Leste,376809.1453760736
148.36015030354048,3,3,5.119999243779213,1,Zona Sul,813273.7938474602
116.41057222851093,4,2,1.2233282094473483,0,Centro,580030.7031250246
177.60468861797892,3,2,21.479225564125848,1,Zona Leste,489133.3634925922
92.9443079176292,4,2,5.358454514010092,1,Zona Sul,548377.6660442629
192.03761731643263,3,1,4.898380964941421,0,Zona Leste,485050.29403307254
118.39368197422627,3,3,10.778991140767758,1,Zona Leste,357579.9916359936
62.768995915278076,3,1,5.834562125363503,1,Zona Norte,189944.30173842155
125.12417659643157,3,2,10.44787587099343,0,Zona Leste,377408.5608471008
92.75793370100476,3,2,0.6341519511073911,1,Centro,486766.4786250301
153.62574195954898,2,2,16.80522311008811,1,Zona Sul,803148.6960938157
93.89504082790437,3,2,28.218454035853945,1,Zona Oeste,346201.2564764617
102.15266267140882,2,2,10.46300863306092,0,Zona Sul,543883.7722788535
44.41837076217877,2,1,30.914929897284225,0,Zona Leste,158502.12413195666
101.90774723003693,3,3,1.642054265641818,0,Centro,466387.9765442633
56.64388706057107,5,3,9.208177984579844,1,Zona Norte,261673.33377116593
150.4165862457719,3,3,8.716440147501633,0,Zona Oeste,538397.9734838306
151.4320063460333,3,3,5.132648948519577,0,Zona Sul,796102.7345714078
137.01830247139858,3,2,4.126172377703469,1,Zona Sul,762065.1666514854
81.32095427483148,3,2,1.3561816562204485,1,Zona Leste,254062.81388124227
118.0915457543208,1,3,4.971568856606812,1,Zona Sul,652272.9330146379
119.85589843637726,2,2,1.7752605175713918,1,Zona Leste,312898.67969746434
73.6654124322983,2,1,13.256346396548661,1,Zona Norte,215570.77888131872
180.135932070686,3,3,2.342435989003616,0,Zona Oeste,677103.844157135
155.09449162302684,1,3,0.6035029631193422,1,Zona Oeste,588655.6746560029
111.16143304681344,2,2,8.037796526293842,1,Zona Sul,586338.2841527375
121.07543355978123,2,1,9.044356141002721,1,Zona Norte,393455.6388039446
128.3353123179021,5,2,20.550460368743373,1,Zona Leste,398182.2675522893
38.330605263028374,2,3,8.603396314188839,0,Zona Norte,166912.35894608698
110.11290469917613,3,3,4.238544407727264,0,Zona Leste,318417.4070447955
92.72063008008806,2,2,16.246118643793572,1,Zona Norte,315275.79979639035
79.93519960420338,3,1,7.77135262904692,0,Centro,364231.5139780323
108.75598828456181,2,3,0.8259961546174387,0,Zona Sul,619239.326850334
191.9074610739809,2,2,8.343664730746035,0,Zona Leste,477652.0593905176
145.6337144506804,3,2,23.86168302923454,0,Zona Sul,759165.1390733763
97.15284040868812,1,4,5.046988069287118,1,Zona Leste,293826.98546721
142.90331125424635,1,1,3.5143981673243974,0,Zona Leste,332646.2106849569
